Track ID,Name,Artist,Album,Genre,2014-05-25 14:01:07,Play Count,Location
32474,Keep On Dancing,Alvin Cash,<Unknown>,Funk,2014-06-15 11:35:53,0,file:///Volumes/Seagate%20Thunderbolt%20Drive/Music/Alvin%20Cash/_Unknown_/Keep%20On%20Dancing.mp3
91894,Everybody Up,Ohio Players,Gold Disc 2,Funk,2014-06-14 09:35:47,0,file:///Volumes/Seagate%20Thunderbolt%20Drive/Music/Ohio%20Players/Gold%20Disc%202/12%20Everybody%20Up.mp3
91892,Time Slips Away,Ohio Players,Gold Disc 2,Funk,2014-05-30 17:20:11,0,file:///Volumes/Seagate%20Thunderbolt%20Drive/Music/Ohio%20Players/Gold%20Disc%202/11%20Time%20Slips%20Away.mp3
91890,Funk-O-Nots,Ohio Players,Gold Disc 2,Funk,2014-05-21 10:26:34,0,file:///Volumes/Seagate%20Thunderbolt%20Drive/Music/Ohio%20Players/Gold%20Disc%202/10%20Funk-O-Nots.mp3
91888,Good Luck Charm,Ohio Players,Gold Disc 2,Funk,2014-06-04 04:56:18,0,file:///Volumes/Seagate%20Thunderbolt%20Drive/Music/Ohio%20Players/Gold%20Disc%202/09%20Good%20Luck%20Charm.mp3
91886,Merry Go Round,Ohio Players,Gold Disc 2,Funk,2014-06-17 02:23:51,0,file:///Volumes/Seagate%20Thunderbolt%20Drive/Music/Ohio%20Players/Gold%20Disc%202/08%20Merry%20Go%20Round.mp3
91884,Body Vibes,Ohio Players,Gold Disc 2,Funk,2014-06-19 00:06:32,0,file:///Volumes/Seagate%20Thunderbolt%20Drive/Music/Ohio%20Players/Gold%20Disc%202/07%20Body%20Vibes.mp3
91882,O-H-I-O,Ohio Players,Gold Disc 2,Funk,2014-05-22 20:39:01,0,file:///Volumes/Seagate%20Thunderbolt%20Drive/Music/Ohio%20Players/Gold%20Disc%202/06%20O-H-I-O.mp3
91880,Feel The Beat (Everybody Disco),Ohio Players,Gold Disc 2,Funk,2014-06-05 06:55:54,0,file:///Volumes/Seagate%20Thunderbolt%20Drive/Music/Ohio%20Players/Gold%20Disc%202/05%20Feel%20The%20Beat%20(Everybody%20Disco).mp3
91878,Only A Child Can Love,Ohio Players,Gold Disc 2,Funk,2014-06-15 18:33:30,0,file:///Volumes/Seagate%20Thunderbolt%20Drive/Music/Ohio%20Players/Gold%20Disc%202/04%20Only%20A%20Child%20Can%20Love.mp3
91876,Far East Mississippi,Ohio Players,Gold Disc 2,Funk,2014-05-30 15:40:28,0,file:///Volumes/Seagate%20Thunderbolt%20Drive/Music/Ohio%20Players/Gold%20Disc%202/03%20Far%20East%20Mississippi.mp3
91874,Bi-Centennial,Ohio Players,Gold Disc 2,Funk,2014-06-14 20:59:50,0,file:///Volumes/Seagate%20Thunderbolt%20Drive/Music/Ohio%20Players/Gold%20Disc%202/02%20Bi-Centennial.mp3
91872,Who'd She Coo?,Ohio Players,Gold Disc 2,Funk,2014-05-29 14:17:22,0,file:///Volumes/Seagate%20Thunderbolt%20Drive/Music/Ohio%20Players/Gold%20Disc%202/01%20Who'd%20She%20Coo_.mp3
91870,Happy Holidays (Part 1),Ohio Players,Gold Disc 1,Funk,2014-05-28 10:54:55,0,file:///Volumes/Seagate%20Thunderbolt%20Drive/Music/Ohio%20Players/Gold%20Disc%201/12%20Happy%20Holidays%20(Part%201).mp3
91868,Alone (Live),Ohio Players,Gold Disc 1,Funk,2014-06-05 02:38:31,0,file:///Volumes/Seagate%20Thunderbolt%20Drive/Music/Ohio%20Players/Gold%20Disc%201/11%20Alone%20(Live).mp3
91866,"Let's Love (Interpolated With ""Let's Do It"")",Ohio Players,Gold Disc 1,Funk,2014-05-30 12:42:37,0,file:///Volumes/Seagate%20Thunderbolt%20Drive/Music/Ohio%20Players/Gold%20Disc%201/10%20Let's%20Love%20(Interpolated%20With%20_Let's%20Do%20It_).mp3
91864,Love Rollercoaster,Ohio Players,Gold Disc 1,Funk,2014-05-21 06:30:03,0,file:///Volumes/Seagate%20Thunderbolt%20Drive/Music/Ohio%20Players/Gold%20Disc%201/09%20Love%20Rollercoaster.mp3
91862,Sweet Sticky Thing,Ohio Players,Gold Disc 1,Funk,2014-06-16 03:54:52,0,file:///Volumes/Seagate%20Thunderbolt%20Drive/Music/Ohio%20Players/Gold%20Disc%201/08%20Sweet%20Sticky%20Thing.mp3
91860,Fopp,Ohio Players,Gold Disc 1,Funk,2014-05-31 14:46:39,0,file:///Volumes/Seagate%20Thunderbolt%20Drive/Music/Ohio%20Players/Gold%20Disc%201/07%20Fopp.mp3
91858,It's All Over,Ohio Players,Gold Disc 1,Funk,2014-06-03 18:21:36,0,file:///Volumes/Seagate%20Thunderbolt%20Drive/Music/Ohio%20Players/Gold%20Disc%201/06%20It's%20All%20Over.mp3
91856,I Want To Be Free,Ohio Players,Gold Disc 1,Funk,2014-05-20 20:10:48,0,file:///Volumes/Seagate%20Thunderbolt%20Drive/Music/Ohio%20Players/Gold%20Disc%201/05%20I%20Want%20To%20Be%20Free.mp3
91854,Fire,Ohio Players,Gold Disc 1,Funk,2014-06-15 17:50:53,0,file:///Volumes/Seagate%20Thunderbolt%20Drive/Music/Ohio%20Players/Gold%20Disc%201/04%20Fire.mp3
91852,Heaven Must Be Like This,Ohio Players,Gold Disc 1,Funk,2014-06-05 06:43:17,0,file:///Volumes/Seagate%20Thunderbolt%20Drive/Music/Ohio%20Players/Gold%20Disc%201/03%20Heaven%20Must%20Be%20Like%20This.mp3
91850,Jive Turkey,Ohio Players,Gold Disc 1,Funk,2014-05-30 11:51:56,0,file:///Volumes/Seagate%20Thunderbolt%20Drive/Music/Ohio%20Players/Gold%20Disc%201/02%20Jive%20Turkey.mp3
91848,Skin Tight,Ohio Players,Gold Disc 1,Funk,2014-05-29 15:30:02,0,file:///Volumes/Seagate%20Thunderbolt%20Drive/Music/Ohio%20Players/Gold%20Disc%201/01%20Skin%20Tight.mp3
89086,Love Changes,Mothers Finest ,,Funk,2014-06-02 06:25:49,0,file:///Volumes/Seagate%20Thunderbolt%20Drive/Music/Mother's%20Finest/Unknown%20Album/04%20Love%20Changes.mp3
91846,Funky Worm,Ohio Players,                              ,Funk,2014-06-15 22:54:40,0,file:///Volumes/Seagate%20Thunderbolt%20Drive/Music/Ohio%20Players/_%20%20%20%20%20%20%20%20%20%20%20%20%20%20%20%20%20%20%20%20%20%20%20%20%20%20%20%20_/Funky%20Worm.mp3
92764,P-Funk (Wants To Get Funked Up),Parliament,20th Century Masters The Best Of Parliament,Funk,2014-06-05 12:53:10,0,file:///Volumes/Seagate%20Thunderbolt%20Drive/Music/Parliament/20th%20Century%20Masters%20The%20Best%20Of%20Parliament/01%20P-Funk%20(Wants%20To%20Get%20Funked%20Up).mp3
92766,Give Up The Funk (Tear The Roof Off The Sucker) - 9A,Parliament,20th Century Masters The Best Of Parliament,Funk,2014-05-29 23:00:44,0,file:///Volumes/Seagate%20Thunderbolt%20Drive/Music/Parliament/20th%20Century%20Masters%20The%20Best%20Of%20Parliament/02%20Give%20Up%20The%20Funk%20(Tear%20The%20Roof%20Off%20The%20Sucker)%20-%209A.mp3
92768,Flash Light - 5A,Parliament,20th Century Masters The Best Of Parliament,Funk,2014-05-20 23:30:02,0,file:///Volumes/Seagate%20Thunderbolt%20Drive/Music/Parliament/20th%20Century%20Masters%20The%20Best%20Of%20Parliament/03%20Flash%20Light%20-%205A.mp3
101278,Sergio Mendes & The New Brasil '77 -,Serge Gainsbourg,,Funk/Jazz,2014-06-05 03:11:44,0,file:///Volumes/Seagate%20Thunderbolt%20Drive/Music/Serge%20Gainsbourg/Unknown%20Album/Sergio%20Mendes%20&%20The%20New%20Brasil%20'77%20-.mp3
84848,Why And How,Mark Murphy,<Unknown>,Funk/Jazz,2014-06-12 21:49:00,0,file:///Volumes/Seagate%20Thunderbolt%20Drive/Music/Mark%20Murphy/_Unknown_/07%20Why%20And%20How.mp3
84210,Mano Caetano,Maria Bethania,<Unknown>,Funk/Jazz,2014-05-28 06:52:21,0,file:///Volumes/Seagate%20Thunderbolt%20Drive/Music/Maria%20Bethania/_Unknown_/Mano%20Caetano.mp3
84130,Soul Makossa - 8A,Manu Dibango,                              ,Funk/Jazz,2014-06-06 19:03:01,0,file:///Volumes/Seagate%20Thunderbolt%20Drive/Music/Manu%20Dibango/_%20%20%20%20%20%20%20%20%20%20%20%20%20%20%20%20%20%20%20%20%20%20%20%20%20%20%20%20_/08%20Soul%20Makossa%20-%208A.mp3
79602,Lady Rain,Lexia,,Funk/Jazz,2014-06-12 11:33:35,0,file:///Volumes/Seagate%20Thunderbolt%20Drive/Music/Lexia/Unknown%20Album/20%20Lady%20Rain.mp3
71954,"Oba, La Vem Ela",Jorge Ben,,2014-06-11 13:03:06,2014-08-26 01:59:59,0,"file:///Volumes/Seagate%20Thunderbolt%20Drive/Music/Jorge%20Ben/Unknown%20Album/08%20Oba,%20La%20Vem%20Ela.mp3"
71072,Brasilia,John Klemmer,<Unknown>,Funk/Jazz,2014-06-08 19:09:43,0,file:///Volumes/Seagate%20Thunderbolt%20Drive/Music/John%20Klemmer/_Unknown_/Brasilia.mp3
109328,The return Of Leroy PT.1,The Jimmy Castor Bunch,,Funk/Jazz,2014-06-10 23:51:31,0,file:///Volumes/Seagate%20Thunderbolt%20Drive/Music/The%20Jimmy%20Castor%20Bunch/Unknown%20Album/13%20The%20return%20Of%20Leroy%20PT.1.mp3
62510,Brazilian Love Affair,George Duke,<Unknown>,Funk/Jazz,2014-06-14 21:29:11,0,file:///Volumes/Seagate%20Thunderbolt%20Drive/Music/George%20Duke/_Unknown_/02%20Brazilian%20Love%20Affair.mp3
59780,"Sorrow, Tears & Blood",Fela kuti,,2014-06-18 17:40:23,2014-08-26 01:59:59,0,"file:///Volumes/Seagate%20Thunderbolt%20Drive/Music/Fela%20kuti/Unknown%20Album/02%20Sorrow,%20Tears%20&%20Blood.mp3"
55678,Brazilian Rhyme - 10A,Earth Wind and Fire,<Unknown>,Funk/Jazz,2014-05-21 11:12:25,0,file:///Volumes/Seagate%20Thunderbolt%20Drive/Music/Earth%20Wind%20and%20Fire/_Unknown_/10%20Brazilian%20Rhyme%20-%2010A.mp3
50404,Wichita Lineman,Dee Felice Trio,,Funk/Jazz,2014-06-16 20:35:23,0,file:///Volumes/Seagate%20Thunderbolt%20Drive/Music/Dee%20Felice%20Trio/Unknown%20Album/Wichita%20Lineman.mp3
89120,Movin' On,Mothers Finest,Best Of,Funk,2014-05-21 18:13:00,0,file:///Volumes/Seagate%20Thunderbolt%20Drive/Music/Mothers%20Finest/Best%20Of/17%20Movin'%20On.mp3
43282,Mamblues,Cal Tjader and Bernard Purdie,<Unknown>,Funk/Jazz,2014-06-09 01:13:37,0,file:///Volumes/Seagate%20Thunderbolt%20Drive/Music/Cal%20Tjader%20and%20Bernard%20Purdie/_Unknown_/Mamblues.mp3
130234,More Bounce to the Ounce  - 4A,Zapp,All the Greatest Hits,Funk,2014-05-29 06:48:10,0,file:///Volumes/Seagate%20Thunderbolt%20Drive/Music/Zapp/All%20the%20Greatest%20Hits/01%20More%20Bounce%20to%20the%20Ounce%20%20-%204A.mp3
126364,"Bounce, Rock, Skate, Roll,2014-05-31 23:51:32,Vaughan Mason & Crew,Street Jams: Back 2 the Old Skool [Box] Disc 3,Funk,2014-08-26 01:59:59,0,"file:///Volumes/Seagate%20Thunderbolt%20Drive/Music/Vaughan%20Mason%20&%20Crew/Street%20Jams_%20Back%202%20the%20Old%20Skool%20%5BBox%5D%20Disc%203/03%20Bounce,%20Rock,%20Skate,%20Roll,%20Pt%201%20%20-%2010A.mp3"
96312,Sun Godess,"Ramsey Lewis And Earth, Wind &",Mastercuts: Classic Jazz-Funk,2014-05-28 14:05:18,2014-08-26 01:59:59,0,"file:///Volumes/Seagate%20Thunderbolt%20Drive/Music/Ramsey%20Lewis%20And%20Earth,%20Wind%20&/Mastercuts_%20Classic%20Jazz-Funk/09%20Sun%20Godess.mp3"
95208,Cloud 9,Pucho & His Latin Soul Brother,<Unknown>,Funk,2014-05-22 17:49:16,0,file:///Volumes/Seagate%20Thunderbolt%20Drive/Music/Pucho%20&%20His%20Latin%20Soul%20Brother/_Unknown_/01%20Cloud%209.mp3
92784,Agony Of Defeet,Parliament,20th Century Masters The Best Of Parliament,Funk,2014-05-21 11:10:03,0,file:///Volumes/Seagate%20Thunderbolt%20Drive/Music/Parliament/20th%20Century%20Masters%20The%20Best%20Of%20Parliament/11%20Agony%20Of%20Defeet.mp3
92782,Mothership Connection (Star Child),Parliament,20th Century Masters The Best Of Parliament,Funk,2014-05-26 19:32:58,0,file:///Volumes/Seagate%20Thunderbolt%20Drive/Music/Parliament/20th%20Century%20Masters%20The%20Best%20Of%20Parliament/10%20Mothership%20Connection%20(Star%20Child).mp3
92780,Aqua Boogie (A Psychoalphadiscobetabioaquadoloop),Parliament,20th Century Masters The Best Of Parliament,Funk,2014-06-12 10:45:37,0,file:///Volumes/Seagate%20Thunderbolt%20Drive/Music/Parliament/20th%20Century%20Masters%20The%20Best%20Of%20Parliament/09%20Aqua%20Boogie%20(A%20Psychoalphadiscobetabioaquadoloop).mp3
92778,Testify ('74 Version),Parliament,20th Century Masters The Best Of Parliament,Funk,2014-06-01 12:40:11,0,file:///Volumes/Seagate%20Thunderbolt%20Drive/Music/Parliament/20th%20Century%20Masters%20The%20Best%20Of%20Parliament/08%20Testify%20('74%20Version).mp3
92776,Bop Gun (Endangered Species),Parliament,20th Century Masters The Best Of Parliament,Funk,2014-05-20 09:34:46,0,file:///Volumes/Seagate%20Thunderbolt%20Drive/Music/Parliament/20th%20Century%20Masters%20The%20Best%20Of%20Parliament/07%20Bop%20Gun%20(Endangered%20Species).mp3
92774,Chocolate City,Parliament,20th Century Masters The Best Of Parliament,Funk,2014-06-04 10:30:22,0,file:///Volumes/Seagate%20Thunderbolt%20Drive/Music/Parliament/20th%20Century%20Masters%20The%20Best%20Of%20Parliament/06%20Chocolate%20City.mp3
92772,Up For The Down Stroke,Parliament,20th Century Masters The Best Of Parliament,Funk,2014-06-09 13:14:20,0,file:///Volumes/Seagate%20Thunderbolt%20Drive/Music/Parliament/20th%20Century%20Masters%20The%20Best%20Of%20Parliament/05%20Up%20For%20The%20Down%20Stroke.mp3
92770,Dr. Funkenstein,Parliament,20th Century Masters The Best Of Parliament,Funk,2014-06-18 22:47:14,0,file:///Volumes/Seagate%20Thunderbolt%20Drive/Music/Parliament/20th%20Century%20Masters%20The%20Best%20Of%20Parliament/04%20Dr.%20Funkenstein.mp3
31620,Roller Jubilee,Al Di Meola,,Funk/Jazz,2014-06-16 06:48:30,0,file:///Volumes/Seagate%20Thunderbolt%20Drive/Music/Al%20Di%20Meola/Unknown%20Album/02%20Roller%20Jubilee.mp3
89118,Watch My Stylin,Mothers Finest,Best Of,Funk,2014-05-29 22:16:15,0,file:///Volumes/Seagate%20Thunderbolt%20Drive/Music/Mothers%20Finest/Best%20Of/16%20Watch%20My%20Stylin.mp3
89116,Some Kind Of Madness,Mothers Finest,Best Of,Funk,2014-06-14 03:47:00,0,file:///Volumes/Seagate%20Thunderbolt%20Drive/Music/Mothers%20Finest/Best%20Of/15%20Some%20Kind%20Of%20Madness.mp3
89114,Thank U For The Love,Mothers Finest,Best Of,Funk,2014-06-18 06:48:57,0,file:///Volumes/Seagate%20Thunderbolt%20Drive/Music/Mothers%20Finest/Best%20Of/14%20Thank%20U%20For%20The%20Love.mp3
78262,Lovers Everywhere,L.T.D.,Shine On,Funk,2014-05-27 15:10:40,0,file:///Volumes/Seagate%20Thunderbolt%20Drive/Music/L.T.D_/Shine%20On/07%20Lovers%20Everywhere.mp3
78260,Love Is What You Need,L.T.D.,Shine On,Funk,2014-06-06 10:39:31,0,file:///Volumes/Seagate%20Thunderbolt%20Drive/Music/L.T.D_/Shine%20On/05%20Love%20Is%20What%20You%20Need.mp3
78258,Will Love Grow,L.T.D.,Shine On,Funk,2014-06-08 18:13:29,0,file:///Volumes/Seagate%20Thunderbolt%20Drive/Music/L.T.D_/Shine%20On/04%20Will%20Love%20Grow.mp3
78256,GetAway,L.T.D.,Shine On,Funk,2014-05-30 10:52:31,0,file:///Volumes/Seagate%20Thunderbolt%20Drive/Music/L.T.D_/Shine%20On/03%20GetAway.mp3
78254,Where Did We Go Wrong?,L.T.D.,Shine On,Funk,2014-06-12 07:34:09,0,file:///Volumes/Seagate%20Thunderbolt%20Drive/Music/L.T.D_/Shine%20On/02%20Where%20Did%20We%20Go%20Wrong_.mp3
78252,You Gave Me Love,L.T.D.,Shine On,Funk,2014-06-02 10:01:21,0,file:///Volumes/Seagate%20Thunderbolt%20Drive/Music/L.T.D_/Shine%20On/01%20You%20Gave%20Me%20Love.mp3
78250,Lucky Day,L.T.D.,Love Togetherness & Devotion,Funk,2014-05-30 00:01:40,0,file:///Volumes/Seagate%20Thunderbolt%20Drive/Music/L.T.D_/Love%20Togetherness%20&%20Devotion/11%20Lucky%20Day.mp3
78248,I Told You I'd Be Back,L.T.D.,Love Togetherness & Devotion,Funk,2014-06-03 19:55:22,0,file:///Volumes/Seagate%20Thunderbolt%20Drive/Music/L.T.D_/Love%20Togetherness%20&%20Devotion/10%20I%20Told%20You%20I'd%20Be%20Back.mp3
78246,Watcha Wanna Do,L.T.D.,Love Togetherness & Devotion,Funk,2014-05-24 22:42:10,0,file:///Volumes/Seagate%20Thunderbolt%20Drive/Music/L.T.D_/Love%20Togetherness%20&%20Devotion/09%20Watcha%20Wanna%20Do.mp3
78244,How Could You Be So Cold?,L.T.D.,Love Togetherness & Devotion,Funk,2014-05-25 14:23:15,0,file:///Volumes/Seagate%20Thunderbolt%20Drive/Music/L.T.D_/Love%20Togetherness%20&%20Devotion/08%20How%20Could%20You%20Be%20So%20Cold_.mp3
78242,Thank You Mother,L.T.D.,Love Togetherness & Devotion,Funk,2014-05-25 08:42:01,0,file:///Volumes/Seagate%20Thunderbolt%20Drive/Music/L.T.D_/Love%20Togetherness%20&%20Devotion/07%20Thank%20You%20Mother.mp3
78240,Success,L.T.D.,Love Togetherness & Devotion,Funk,2014-05-26 23:27:20,0,file:///Volumes/Seagate%20Thunderbolt%20Drive/Music/L.T.D_/Love%20Togetherness%20&%20Devotion/06%20Success.mp3
78264,Don't Cha Know,L.T.D.,Shine On,Funk,2014-05-25 19:01:56,0,file:///Volumes/Seagate%20Thunderbolt%20Drive/Music/L.T.D_/Shine%20On/09%20Don't%20Cha%20Know.mp3
78238,What Goes Around,L.T.D.,Love Togetherness & Devotion,Funk,2014-05-31 09:01:09,0,file:///Volumes/Seagate%20Thunderbolt%20Drive/Music/L.T.D_/Love%20Togetherness%20&%20Devotion/05%20What%20Goes%20Around.mp3
78234,Not On Your Life,L.T.D.,Love Togetherness & Devotion,Funk,2014-05-25 21:14:38,0,file:///Volumes/Seagate%20Thunderbolt%20Drive/Music/L.T.D_/Love%20Togetherness%20&%20Devotion/03%20Not%20On%20Your%20Life.mp3
78232,Elegant Love,L.T.D.,Love Togetherness & Devotion,Funk,2014-06-17 10:49:52,0,file:///Volumes/Seagate%20Thunderbolt%20Drive/Music/L.T.D_/Love%20Togetherness%20&%20Devotion/02%20Elegant%20Love.mp3
78230,To The Bone,L.T.D.,Love Togetherness & Devotion,Funk,2014-05-29 00:06:50,0,file:///Volumes/Seagate%20Thunderbolt%20Drive/Music/L.T.D_/Love%20Togetherness%20&%20Devotion/01%20To%20The%20Bone.mp3
78228,The Word,L.T.D.,Love To The World,Funk,2014-06-11 23:09:49,0,file:///Volumes/Seagate%20Thunderbolt%20Drive/Music/L.T.D_/Love%20To%20The%20World/06%20The%20Word.mp3
78226,Let the Music Keep Playing,L.T.D.,Love To The World,Funk,2014-06-03 05:57:29,0,file:///Volumes/Seagate%20Thunderbolt%20Drive/Music/L.T.D_/Love%20To%20The%20World/05%20Let%20the%20Music%20Keep%20Playing.mp3
78224,Get Your It Together,L.T.D.,Love To The World,Funk,2014-06-10 08:47:10,0,file:///Volumes/Seagate%20Thunderbolt%20Drive/Music/L.T.D_/Love%20To%20The%20World/04%20Get%20Your%20It%20Together.mp3
78222,Time for Pleasure,L.T.D.,Love To The World,Funk,2014-05-20 18:27:14,0,file:///Volumes/Seagate%20Thunderbolt%20Drive/Music/L.T.D_/Love%20To%20The%20World/02%20Time%20for%20Pleasure.mp3
78220,Now,L.T.D.,Love Magic,Funk,2014-05-26 10:39:51,0,file:///Volumes/Seagate%20Thunderbolt%20Drive/Music/L.T.D_/Love%20Magic/08%20Now.mp3
78218,It Must End,L.T.D.,Love Magic,Funk,2014-06-12 03:19:02,0,file:///Volumes/Seagate%20Thunderbolt%20Drive/Music/L.T.D_/Love%20Magic/07%20It%20Must%20End.mp3
78216,April Love,L.T.D.,Love Magic,Funk,2014-05-30 04:07:00,0,file:///Volumes/Seagate%20Thunderbolt%20Drive/Music/L.T.D_/Love%20Magic/06%20April%20Love.mp3
78214,Love Magic,L.T.D.,Love Magic,Funk,2014-05-20 05:56:50,0,file:///Volumes/Seagate%20Thunderbolt%20Drive/Music/L.T.D_/Love%20Magic/05%20Love%20Magic.mp3
78212,Stay On The One,L.T.D.,Love Magic,Funk,2014-06-16 10:19:01,0,file:///Volumes/Seagate%20Thunderbolt%20Drive/Music/L.T.D_/Love%20Magic/04%20Stay%20On%20The%20One.mp3
78236,Gestures Unfulfilled,L.T.D.,Love Togetherness & Devotion,Funk,2014-06-17 14:43:40,0,file:///Volumes/Seagate%20Thunderbolt%20Drive/Music/L.T.D_/Love%20Togetherness%20&%20Devotion/04%20Gestures%20Unfulfilled.mp3
101276,Sergio Mendes & The New Brasil '77 - 2,Serge Gainsbourg,,Funk/Jazz,2014-05-26 22:58:15,0,file:///Volumes/Seagate%20Thunderbolt%20Drive/Music/Serge%20Gainsbourg/Unknown%20Album/Sergio%20Mendes%20&%20The%20New%20Brasil%20'77%20-%202.mp3
78266,Age of the Showdown,L.T.D.,Something to Love,Funk,2014-06-07 10:44:13,0,file:///Volumes/Seagate%20Thunderbolt%20Drive/Music/L.T.D_/Something%20to%20Love/01%20Age%20of%20the%20Showdown.mp3
78270,If You're in Need,L.T.D.,Something to Love,Funk,2014-06-05 19:31:20,0,file:///Volumes/Seagate%20Thunderbolt%20Drive/Music/L.T.D_/Something%20to%20Love/06%20If%20You're%20in%20Need.mp3
89112,Don't Wanna Come Back,Mothers Finest,Best Of,Funk,2014-06-03 01:59:40,0,file:///Volumes/Seagate%20Thunderbolt%20Drive/Music/Mothers%20Finest/Best%20Of/13%20Don't%20Wanna%20Come%20Back.mp3
89110,Time,Mothers Finest,Best Of,Funk,2014-06-10 14:01:22,0,file:///Volumes/Seagate%20Thunderbolt%20Drive/Music/Mothers%20Finest/Best%20Of/12%20Time.mp3
89108,Piece Of The Rock,Mothers Finest,Best Of,Funk,2014-05-30 04:07:58,0,file:///Volumes/Seagate%20Thunderbolt%20Drive/Music/Mothers%20Finest/Best%20Of/11%20Piece%20Of%20The%20Rock.mp3
89106,Evolution,Mothers Finest,Best Of,Funk,2014-06-09 11:37:31,0,file:///Volumes/Seagate%20Thunderbolt%20Drive/Music/Mothers%20Finest/Best%20Of/10%20Evolution.mp3
89104,Give You All The Love (Inside Of Me),Mothers Finest,Best Of,Funk,2014-06-17 20:40:30,0,file:///Volumes/Seagate%20Thunderbolt%20Drive/Music/Mothers%20Finest/Best%20Of/09%20Give%20You%20All%20The%20Love%20(Inside%20Of%20Me).mp3
89102,Can't Fight The Feeling,Mothers Finest,Best Of,Funk,2014-05-26 01:26:38,0,file:///Volumes/Seagate%20Thunderbolt%20Drive/Music/Mothers%20Finest/Best%20Of/08%20Can't%20Fight%20The%20Feeling.mp3
89100,Love Me Too,Mothers Finest,Best Of,Funk,2014-06-01 08:10:53,0,file:///Volumes/Seagate%20Thunderbolt%20Drive/Music/Mothers%20Finest/Best%20Of/07%20Love%20Me%20Too.mp3
89098,Nigazz Can't Sing Rock And Roll,Mothers Finest,Best Of,Funk,2014-05-30 03:23:43,0,file:///Volumes/Seagate%20Thunderbolt%20Drive/Music/Mothers%20Finest/Best%20Of/06%20Nigazz%20Can't%20Sing%20Rock%20And%20Roll.mp3
89096,Rain,Mothers Finest,Best Of,Funk,2014-06-15 11:32:58,0,file:///Volumes/Seagate%20Thunderbolt%20Drive/Music/Mothers%20Finest/Best%20Of/05%20Rain.mp3
89094,Secret Service,Mothers Finest,Best Of,Funk,2014-06-08 14:36:15,0,file:///Volumes/Seagate%20Thunderbolt%20Drive/Music/Mothers%20Finest/Best%20Of/04%20Secret%20Service.mp3
89092,Baby Love,Mothers Finest,Best Of,Funk,2014-06-11 03:52:50,0,file:///Volumes/Seagate%20Thunderbolt%20Drive/Music/Mothers%20Finest/Best%20Of/03%20Baby%20Love.mp3
89090,"Dis Go Dis Way, Dis Go Dat Way",Mothers Finest,Best Of,2014-06-15 04:39:02,2014-08-26 01:59:59,0,"file:///Volumes/Seagate%20Thunderbolt%20Drive/Music/Mothers%20Finest/Best%20Of/02%20Dis%20Go%20Dis%20Way,%20Dis%20Go%20Dat%20Way.mp3"
78268,You Come First at Last,L.T.D.,Something to Love,Funk,2014-05-22 05:21:16,0,file:///Volumes/Seagate%20Thunderbolt%20Drive/Music/L.T.D_/Something%20to%20Love/04%20You%20Come%20First%20at%20Last.mp3
89088,Fire,Mothers Finest,Best Of,Funk,2014-05-27 07:28:35,0,file:///Volumes/Seagate%20Thunderbolt%20Drive/Music/Mothers%20Finest/Best%20Of/01%20Fire.mp3
79556,North Carolina,Les Mccann & Eddie Harris,<Unknown>,Funk,2014-06-13 22:43:35,0,file:///Volumes/Seagate%20Thunderbolt%20Drive/Music/Les%20Mccann%20&%20Eddie%20Harris/_Unknown_/North%20Carolina.mp3
78292,Let's All Live and Give Together,L.T.D.,Togetherness,Funk,2014-05-25 07:58:45,0,file:///Volumes/Seagate%20Thunderbolt%20Drive/Music/L.T.D_/Togetherness/10%20Let's%20All%20Live%20and%20Give%20Together.mp3
78290,Together Forever,L.T.D.,Togetherness,Funk,2014-06-05 22:00:45,0,file:///Volumes/Seagate%20Thunderbolt%20Drive/Music/L.T.D_/Togetherness/09%20Together%20Forever.mp3
78288,You Fooled Me,L.T.D.,Togetherness,Funk,2014-05-26 18:17:47,0,file:///Volumes/Seagate%20Thunderbolt%20Drive/Music/L.T.D_/Togetherness/08%20You%20Fooled%20Me.mp3
78286,Concentrate on You,L.T.D.,Togetherness,Funk,2014-06-12 12:34:36,0,file:///Volumes/Seagate%20Thunderbolt%20Drive/Music/L.T.D_/Togetherness/07%20Concentrate%20on%20You.mp3
78284,It's Time to Be Real,L.T.D.,Togetherness,Funk,2014-06-14 10:04:50,0,file:///Volumes/Seagate%20Thunderbolt%20Drive/Music/L.T.D_/Togetherness/06%20It's%20Time%20to%20Be%20Real.mp3
78282,Don't Stop Loving Me Now,L.T.D.,Togetherness,Funk,2014-05-27 17:10:42,0,file:///Volumes/Seagate%20Thunderbolt%20Drive/Music/L.T.D_/Togetherness/05%20Don't%20Stop%20Loving%20Me%20Now.mp3
78280,You Must Have Known I Needed Love,L.T.D.,Togetherness,Funk,2014-06-17 00:15:39,0,file:///Volumes/Seagate%20Thunderbolt%20Drive/Music/L.T.D_/Togetherness/04%20You%20Must%20Have%20Known%20I%20Needed%20Love.mp3
78278,Jam,L.T.D.,Togetherness,Funk,2014-06-09 08:38:41,0,file:///Volumes/Seagate%20Thunderbolt%20Drive/Music/L.T.D_/Togetherness/03%20Jam.mp3
78276,We Both Deserve Each Other's Love,L.T.D.,Togetherness,Funk,2014-06-15 15:44:52,0,file:///Volumes/Seagate%20Thunderbolt%20Drive/Music/L.T.D_/Togetherness/02%20We%20Both%20Deserve%20Each%20Other's%20Love.mp3
78274,Material Things,L.T.D.,Something to Love,Funk,2014-05-25 20:43:12,0,file:///Volumes/Seagate%20Thunderbolt%20Drive/Music/L.T.D_/Something%20to%20Love/09%20Material%20Things.mp3
78272,Never Get Enough of Your Love,L.T.D.,Something to Love,Funk,2014-06-12 02:44:21,0,file:///Volumes/Seagate%20Thunderbolt%20Drive/Music/L.T.D_/Something%20to%20Love/07%20Never%20Get%20Enough%20of%20Your%20Love.mp3
86884,You Stepped Into My Life,Melba Moore,<Unknown>,Funk,2014-05-27 06:26:05,0,file:///Volumes/Seagate%20Thunderbolt%20Drive/Music/Melba%20Moore/_Unknown_/You%20Stepped%20Into%20My%20Life.mp3
78210,Cuttin' Up,L.T.D.,Love Magic,Funk,2014-06-09 16:42:44,0,file:///Volumes/Seagate%20Thunderbolt%20Drive/Music/L.T.D_/Love%20Magic/03%20Cuttin'%20Up.mp3
101288,The Real Thing,Sergio Mendes,<Unknown>,Funk/Jazz,2014-05-23 08:25:12,0,file:///Volumes/Seagate%20Thunderbolt%20Drive/Music/Sergio%20Mendes/_Unknown_/The%20Real%20Thing.mp3
111812,Afro Blue,Tito Puente & Mongo Santamaria,,Funk/Jazz,2014-06-17 16:34:56,0,file:///Volumes/Seagate%20Thunderbolt%20Drive/Music/Tito%20Puente%20&%20Mongo%20Santamaria/Unknown%20Album/Afro%20Blue.mp3
109032,Who Do You Call,The Gap Band,The Gap Band II,R&B/Funk/Soul,2014-06-01 01:06:37,0,file:///Volumes/Seagate%20Thunderbolt%20Drive/Music/The%20Gap%20Band/The%20Gap%20Band%20II/04%20Who%20Do%20You%20Call.mp3
109030,No Hiding Place,The Gap Band,The Gap Band II,R&B/Funk/Soul,2014-05-23 10:30:52,0,file:///Volumes/Seagate%20Thunderbolt%20Drive/Music/The%20Gap%20Band/The%20Gap%20Band%20II/02%20No%20Hiding%20Place.mp3
109028,Steppin' (Out),The Gap Band,The Gap Band II,R&B/Funk/Soul,2014-05-28 02:16:01,0,file:///Volumes/Seagate%20Thunderbolt%20Drive/Music/The%20Gap%20Band/The%20Gap%20Band%20II/01%20Steppin'%20(Out).mp3
108926,Gash Gash Gash,The Gap Band,Gap Band 3,R&B/Funk/Soul,2014-06-11 00:58:28,0,file:///Volumes/Seagate%20Thunderbolt%20Drive/Music/The%20Gap%20Band/Gap%20Band%203/09%20Gash%20Gash%20Gash.mp3
108924,The Way,The Gap Band,Gap Band 3,R&B/Funk/Soul,2014-05-20 09:35:02,0,file:///Volumes/Seagate%20Thunderbolt%20Drive/Music/The%20Gap%20Band/Gap%20Band%203/08%20The%20Way.mp3
108922,Humpin',The Gap Band,Gap Band 3,R&B/Funk/Soul,2014-05-23 20:57:03,0,file:///Volumes/Seagate%20Thunderbolt%20Drive/Music/The%20Gap%20Band/Gap%20Band%203/07%20Humpin'.mp3
108920,Sweet Caroline,The Gap Band,Gap Band 3,R&B/Funk/Soul,2014-06-04 02:32:16,0,file:///Volumes/Seagate%20Thunderbolt%20Drive/Music/The%20Gap%20Band/Gap%20Band%203/06%20Sweet%20Caroline.mp3
108918,Are You Living,The Gap Band,Gap Band 3,R&B/Funk/Soul,2014-05-22 15:02:39,0,file:///Volumes/Seagate%20Thunderbolt%20Drive/Music/The%20Gap%20Band/Gap%20Band%203/05%20Are%20You%20Living.mp3
108916,Nothin Comes To Sleepers,The Gap Band,Gap Band 3,R&B/Funk/Soul,2014-06-10 02:53:43,0,file:///Volumes/Seagate%20Thunderbolt%20Drive/Music/The%20Gap%20Band/Gap%20Band%203/04%20Nothin%20Comes%20To%20Sleepers.mp3
108914,When I Look In Your Eyes,The Gap Band,Gap Band 3,R&B/Funk/Soul,2014-06-09 09:45:35,0,file:///Volumes/Seagate%20Thunderbolt%20Drive/Music/The%20Gap%20Band/Gap%20Band%203/01%20When%20I%20Look%20In%20Your%20Eyes.mp3
108912,Shake,The Gap Band,Best Of The Gap Gold,R&B/Funk/Soul,2014-06-04 08:07:24,0,file:///Volumes/Seagate%20Thunderbolt%20Drive/Music/The%20Gap%20Band/Best%20Of%20The%20Gap%20Gold/09%20Shake.mp3
108910,Yearning For Your Love,The Gap Band,Best Of The Gap Gold,R&B/Funk/Soul,2014-06-11 03:27:14,0,file:///Volumes/Seagate%20Thunderbolt%20Drive/Music/The%20Gap%20Band/Best%20Of%20The%20Gap%20Gold/08%20Yearning%20For%20Your%20Love.mp3
108908,Early In The Morning - 9A,The Gap Band,Best Of The Gap Gold,R&B/Funk/Soul,2014-06-18 03:15:13,0,file:///Volumes/Seagate%20Thunderbolt%20Drive/Music/The%20Gap%20Band/Best%20Of%20The%20Gap%20Gold/07%20Early%20In%20The%20Morning%20-%209A.mp3
108906,You Dropped A Bomb On Me,The Gap Band,Best Of The Gap Gold,R&B/Funk/Soul,2014-05-28 08:50:41,0,file:///Volumes/Seagate%20Thunderbolt%20Drive/Music/The%20Gap%20Band/Best%20Of%20The%20Gap%20Gold/06%20You%20Dropped%20A%20Bomb%20On%20Me.mp3
108904,Stay With Me,The Gap Band,Best Of The Gap Gold,R&B/Funk/Soul,2014-06-08 22:29:13,0,file:///Volumes/Seagate%20Thunderbolt%20Drive/Music/The%20Gap%20Band/Best%20Of%20The%20Gap%20Gold/05%20Stay%20With%20Me.mp3
108902,Party Train - 9A,The Gap Band,Best Of The Gap Gold,R&B/Funk/Soul,2014-05-27 01:07:04,0,file:///Volumes/Seagate%20Thunderbolt%20Drive/Music/The%20Gap%20Band/Best%20Of%20The%20Gap%20Gold/04%20Party%20Train%20-%209A.mp3
108900,Outstanding,The Gap Band,Best Of The Gap Gold,R&B/Funk/Soul,2014-05-28 02:02:03,0,file:///Volumes/Seagate%20Thunderbolt%20Drive/Music/The%20Gap%20Band/Best%20Of%20The%20Gap%20Gold/02%20Outstanding.mp3
108898,Burn Rubber (Why You Wanna Hurt Me) - 9A,The Gap Band,Best Of The Gap Gold,R&B/Funk/Soul,2014-06-08 12:08:56,0,file:///Volumes/Seagate%20Thunderbolt%20Drive/Music/The%20Gap%20Band/Best%20Of%20The%20Gap%20Gold/01%20Burn%20Rubber%20(Why%20You%20Wanna%20Hurt%20Me)%20-%209A.mp3
109026,You Are My High,The Gap Band,The Ballads Collection,R&B/Funk/Soul,2014-06-17 22:15:18,0,file:///Volumes/Seagate%20Thunderbolt%20Drive/Music/The%20Gap%20Band/The%20Ballads%20Collection/12%20You%20Are%20My%20High.mp3
109024,I'm So Satisfied,The Gap Band,The Ballads Collection,R&B/Funk/Soul,2014-06-05 18:49:04,0,file:///Volumes/Seagate%20Thunderbolt%20Drive/Music/The%20Gap%20Band/The%20Ballads%20Collection/10%20I'm%20So%20Satisfied.mp3
109022,No Hidiing Place,The Gap Band,The Ballads Collection,R&B/Funk/Soul,2014-06-16 05:24:02,0,file:///Volumes/Seagate%20Thunderbolt%20Drive/Music/The%20Gap%20Band/The%20Ballads%20Collection/09%20No%20Hidiing%20Place.mp3
109020,Season's No Reason To Change,The Gap Band,The Ballads Collection,R&B/Funk/Soul,2014-05-20 23:36:52,0,file:///Volumes/Seagate%20Thunderbolt%20Drive/Music/The%20Gap%20Band/The%20Ballads%20Collection/08%20Season's%20No%20Reason%20To%20Change.mp3
109018,Outstanding - 3B,The Gap Band,The Ballads Collection,R&B/Funk/Soul,2014-06-07 06:23:01,0,file:///Volumes/Seagate%20Thunderbolt%20Drive/Music/The%20Gap%20Band/The%20Ballads%20Collection/07%20Outstanding%20-%203B.mp3
109016,I Want To A Real Love,The Gap Band,The Ballads Collection,R&B/Funk/Soul,2014-06-13 02:17:56,0,file:///Volumes/Seagate%20Thunderbolt%20Drive/Music/The%20Gap%20Band/The%20Ballads%20Collection/06%20I%20Want%20To%20A%20Real%20Love.mp3
109014,I'm In Love,The Gap Band,The Ballads Collection,R&B/Funk/Soul,2014-06-05 22:00:01,0,file:///Volumes/Seagate%20Thunderbolt%20Drive/Music/The%20Gap%20Band/The%20Ballads%20Collection/05%20I'm%20In%20Love.mp3
109034,Party Lights,The Gap Band,The Gap Band II,R&B/Funk/Soul,2014-05-22 12:48:46,0,file:///Volumes/Seagate%20Thunderbolt%20Drive/Music/The%20Gap%20Band/The%20Gap%20Band%20II/06%20Party%20Lights.mp3
109036,The Boys Are Back In Town,The Gap Band,The Gap Band II,R&B/Funk/Soul,2014-05-30 22:46:06,0,file:///Volumes/Seagate%20Thunderbolt%20Drive/Music/The%20Gap%20Band/The%20Gap%20Band%20II/07%20The%20Boys%20Are%20Back%20In%20Town.mp3
108928,Early In The Morning,The Gap Band,Gap Band IV,R&B/Funk/Soul,2014-05-22 15:02:23,0,file:///Volumes/Seagate%20Thunderbolt%20Drive/Music/The%20Gap%20Band/Gap%20Band%20IV/01%20Early%20In%20The%20Morning.mp3
108930,Seasons No Reason To Change,The Gap Band,Gap Band IV,R&B/Funk/Soul,2014-05-26 03:45:47,0,file:///Volumes/Seagate%20Thunderbolt%20Drive/Music/The%20Gap%20Band/Gap%20Band%20IV/02%20Seasons%20No%20Reason%20To%20Change.mp3
109102,Funkin' Till 2000 Comz (Millennium Mix),The Gap Band,Y2K Funkin' Till 2000 Comz,R&B/Funk/Soul,2014-06-03 13:02:14,0,file:///Volumes/Seagate%20Thunderbolt%20Drive/Music/The%20Gap%20Band/Y2K%20Funkin'%20Till%202000%20Comz/12%20Funkin'%20Till%202000%20Comz%20(Millennium%20Mix).mp3
109100,Good Old Fashion Lovin' (AC Mix-Bonus Track),The Gap Band,Y2K Funkin' Till 2000 Comz,R&B/Funk/Soul,2014-06-11 17:41:15,0,file:///Volumes/Seagate%20Thunderbolt%20Drive/Music/The%20Gap%20Band/Y2K%20Funkin'%20Till%202000%20Comz/11%20Good%20Old%20Fashion%20Lovin'%20(AC%20Mix-Bonus%20Track).mp3
109098,Otta' Be Like This,The Gap Band,Y2K Funkin' Till 2000 Comz,R&B/Funk/Soul,2014-06-18 00:30:22,0,file:///Volumes/Seagate%20Thunderbolt%20Drive/Music/The%20Gap%20Band/Y2K%20Funkin'%20Till%202000%20Comz/10%20Otta'%20Be%20Like%20This.mp3
109096,Style & Grace,The Gap Band,Y2K Funkin' Till 2000 Comz,R&B/Funk/Soul,2014-06-06 11:54:47,0,file:///Volumes/Seagate%20Thunderbolt%20Drive/Music/The%20Gap%20Band/Y2K%20Funkin'%20Till%202000%20Comz/09%20Style%20&%20Grace.mp3
109094,For The People,The Gap Band,Y2K Funkin' Till 2000 Comz,R&B/Funk/Soul,2014-05-22 05:30:28,0,file:///Volumes/Seagate%20Thunderbolt%20Drive/Music/The%20Gap%20Band/Y2K%20Funkin'%20Till%202000%20Comz/08%20For%20The%20People.mp3
109092,Messin' With My Flow,The Gap Band,Y2K Funkin' Till 2000 Comz,R&B/Funk/Soul,2014-05-29 00:30:30,0,file:///Volumes/Seagate%20Thunderbolt%20Drive/Music/The%20Gap%20Band/Y2K%20Funkin'%20Till%202000%20Comz/07%20Messin'%20With%20My%20Flow.mp3
109090,No Color Lines,The Gap Band,Y2K Funkin' Till 2000 Comz,R&B/Funk/Soul,2014-06-01 20:20:02,0,file:///Volumes/Seagate%20Thunderbolt%20Drive/Music/The%20Gap%20Band/Y2K%20Funkin'%20Till%202000%20Comz/06%20No%20Color%20Lines.mp3
109088,Scandalous,The Gap Band,Y2K Funkin' Till 2000 Comz,R&B/Funk/Soul,2014-06-05 06:56:21,0,file:///Volumes/Seagate%20Thunderbolt%20Drive/Music/The%20Gap%20Band/Y2K%20Funkin'%20Till%202000%20Comz/05%20Scandalous.mp3
109086,Untoudhable,The Gap Band,Y2K Funkin' Till 2000 Comz,R&B/Funk/Soul,2014-05-27 09:37:18,0,file:///Volumes/Seagate%20Thunderbolt%20Drive/Music/The%20Gap%20Band/Y2K%20Funkin'%20Till%202000%20Comz/04%20Untoudhable.mp3
109084,Good Old Fashion Lovin',The Gap Band,Y2K Funkin' Till 2000 Comz,R&B/Funk/Soul,2014-06-01 08:41:52,0,file:///Volumes/Seagate%20Thunderbolt%20Drive/Music/The%20Gap%20Band/Y2K%20Funkin'%20Till%202000%20Comz/03%20Good%20Old%20Fashion%20Lovin'.mp3
109082,Baby I Remember Your Face,The Gap Band,Y2K Funkin' Till 2000 Comz,R&B/Funk/Soul,2014-05-25 22:05:29,0,file:///Volumes/Seagate%20Thunderbolt%20Drive/Music/The%20Gap%20Band/Y2K%20Funkin'%20Till%202000%20Comz/02%20Baby%20I%20Remember%20Your%20Face.mp3
109080,Funkin' Till 2000 Comz,The Gap Band,Y2K Funkin' Till 2000 Comz,R&B/Funk/Soul,2014-05-25 01:22:22,0,file:///Volumes/Seagate%20Thunderbolt%20Drive/Music/The%20Gap%20Band/Y2K%20Funkin'%20Till%202000%20Comz/01%20Funkin'%20Till%202000%20Comz.mp3
109012,Nothing Comes To Sleepers,The Gap Band,The Ballads Collection,R&B/Funk/Soul,2014-06-02 20:37:22,0,file:///Volumes/Seagate%20Thunderbolt%20Drive/Music/The%20Gap%20Band/The%20Ballads%20Collection/04%20Nothing%20Comes%20To%20Sleepers.mp3
109078,Someday,The Gap Band,V (Jammin'),R&B/Funk/Soul,2014-06-17 09:24:01,0,file:///Volumes/Seagate%20Thunderbolt%20Drive/Music/The%20Gap%20Band/V%20(Jammin')/11%20Someday.mp3
109074,I Expect More,The Gap Band,V (Jammin'),R&B/Funk/Soul,2014-06-10 19:20:12,0,file:///Volumes/Seagate%20Thunderbolt%20Drive/Music/The%20Gap%20Band/V%20(Jammin')/09%20I%20Expect%20More.mp3
109072,Jam The Motha,The Gap Band,V (Jammin'),R&B/Funk/Soul,2014-06-15 03:41:14,0,file:///Volumes/Seagate%20Thunderbolt%20Drive/Music/The%20Gap%20Band/V%20(Jammin')/08%20Jam%20The%20Motha.mp3
109070,Party Train,The Gap Band,V (Jammin'),R&B/Funk/Soul,2014-05-30 20:00:02,0,file:///Volumes/Seagate%20Thunderbolt%20Drive/Music/The%20Gap%20Band/V%20(Jammin')/07%20Party%20Train.mp3
109068,Smile,The Gap Band,V (Jammin'),R&B/Funk/Soul,2014-05-24 12:53:58,0,file:///Volumes/Seagate%20Thunderbolt%20Drive/Music/The%20Gap%20Band/V%20(Jammin')/06%20Smile.mp3
109066,Jammin' In America,The Gap Band,V (Jammin'),R&B/Funk/Soul,2014-05-26 22:28:08,0,file:///Volumes/Seagate%20Thunderbolt%20Drive/Music/The%20Gap%20Band/V%20(Jammin')/05%20Jammin'%20In%20America.mp3
109064,You're My Everything,The Gap Band,V (Jammin'),R&B/Funk/Soul,2014-05-30 17:06:59,0,file:///Volumes/Seagate%20Thunderbolt%20Drive/Music/The%20Gap%20Band/V%20(Jammin')/04%20You're%20My%20Everything.mp3
109062,I'm Ready (If You're Ready),The Gap Band,V (Jammin'),R&B/Funk/Soul,2014-05-30 14:57:08,0,file:///Volumes/Seagate%20Thunderbolt%20Drive/Music/The%20Gap%20Band/V%20(Jammin')/03%20I'm%20Ready%20(If%20You're%20Ready).mp3
109060,Shake A Leg,The Gap Band,V (Jammin'),R&B/Funk/Soul,2014-05-30 16:51:58,0,file:///Volumes/Seagate%20Thunderbolt%20Drive/Music/The%20Gap%20Band/V%20(Jammin')/02%20Shake%20A%20Leg.mp3
108938,Talkin' Back,The Gap Band,Gap Band IV,R&B/Funk/Soul,2014-05-29 12:12:07,0,file:///Volumes/Seagate%20Thunderbolt%20Drive/Music/The%20Gap%20Band/Gap%20Band%20IV/08%20Talkin'%20Back.mp3
108936,I Can't Get Over You,The Gap Band,Gap Band IV,R&B/Funk/Soul,2014-05-20 23:34:32,0,file:///Volumes/Seagate%20Thunderbolt%20Drive/Music/The%20Gap%20Band/Gap%20Band%20IV/07%20I%20Can't%20Get%20Over%20You.mp3
108934,You Dropped A Bomb,The Gap Band,Gap Band IV,R&B/Funk/Soul,2014-06-08 04:19:35,0,file:///Volumes/Seagate%20Thunderbolt%20Drive/Music/The%20Gap%20Band/Gap%20Band%20IV/06%20You%20Dropped%20A%20Bomb.mp3
108932,Lonely Like Me,The Gap Band,Gap Band IV,R&B/Funk/Soul,2014-05-29 10:01:35,0,file:///Volumes/Seagate%20Thunderbolt%20Drive/Music/The%20Gap%20Band/Gap%20Band%20IV/03%20Lonely%20Like%20Me.mp3
109076,You're Something Special,The Gap Band,V (Jammin'),R&B/Funk/Soul,2014-05-23 17:32:04,0,file:///Volumes/Seagate%20Thunderbolt%20Drive/Music/The%20Gap%20Band/V%20(Jammin')/10%20You're%20Something%20Special.mp3
109010,Going In Circles (Remix),The Gap Band,The Ballads Collection,R&B/Funk/Soul,2014-06-15 15:32:17,0,file:///Volumes/Seagate%20Thunderbolt%20Drive/Music/The%20Gap%20Band/The%20Ballads%20Collection/02%20Going%20In%20Circles%20(Remix).mp3
127780,Black Is The Colour,Wilbert Longmire,The Very Best Of Jazz Funk - CD1,Jazz Funk,2014-06-04 05:06:18,0,file:///Volumes/Seagate%20Thunderbolt%20Drive/Music/Wilbert%20Longmire/The%20Very%20Best%20Of%20Jazz%20Funk%20-%20CD1/07%20Black%20Is%20The%20Colour.mp3
127496,Birdland,Weather Report,The Very Best Of Jazz Funk - CD2,Jazz Funk,2014-06-04 10:38:00,0,file:///Volumes/Seagate%20Thunderbolt%20Drive/Music/Weather%20Report/The%20Very%20Best%20Of%20Jazz%20Funk%20-%20CD2/01%20Birdland.mp3
85678,Sky High,Mass Production,<Unknown>,Funk/Soul,2014-05-29 00:57:07,0,file:///Volumes/Seagate%20Thunderbolt%20Drive/Music/Mass%20Production/_Unknown_/Sky%20High.mp3
85676,Bopp (Instrumental),Mass Production,<Unknown>,Funk/Soul,2014-06-07 11:49:05,0,file:///Volumes/Seagate%20Thunderbolt%20Drive/Music/Mass%20Production/_Unknown_/Bopp%20(Instrumental).mp3
84040,Mandrill,Mandrill,<Unknown>,Funk/Soul,2014-06-11 13:01:48,0,file:///Volumes/Seagate%20Thunderbolt%20Drive/Music/Mandrill/_Unknown_/Mandrill.mp3
77204,Changes,King Curtis,<Unknown>,Funk/Soul,2014-05-25 23:12:37,0,file:///Volumes/Seagate%20Thunderbolt%20Drive/Music/King%20Curtis/_Unknown_/Changes.mp3
70790,I'm A Man,Joe Tex,,Funk/Soul,2014-05-20 08:49:30,0,file:///Volumes/Seagate%20Thunderbolt%20Drive/Music/Joe%20Tex/Unknown%20Album/I'm%20A%20Man.mp3
66012,In A Gadda Da Vida,Incredible Bongo Band,                              ,Funk/Soul,2014-05-24 11:42:10,0,file:///Volumes/Seagate%20Thunderbolt%20Drive/Music/Incredible%20Bongo%20Band/_%20%20%20%20%20%20%20%20%20%20%20%20%20%20%20%20%20%20%20%20%20%20%20%20%20%20%20%20_/In%20A%20Gadda%20Da%20Vida.mp3
66014,Bongolia,Incredible Bongo Band,,Funk/Soul,2014-06-06 17:22:26,0,file:///Volumes/Seagate%20Thunderbolt%20Drive/Music/Incredible%20Bongo%20Band/Unknown%20Album/Bongolia.mp3
61446,standing on the verge of getting it on,funkadelic,finest,Funk/Soul,2014-06-12 11:03:52,0,file:///Volumes/Seagate%20Thunderbolt%20Drive/Music/funkadelic/finest/standing%20on%20the%20verge%20of%20getting%20it%20on.mp3
59672,Let the Drums Speak,Fatback Band,<Unknown>,Funk/Soul,2014-06-18 08:37:29,0,file:///Volumes/Seagate%20Thunderbolt%20Drive/Music/Fatback%20Band/_Unknown_/Let%20the%20Drums%20Speak.mp3
58072,Get Funky,ESG,<Unknown>,Funk/Soul,2014-06-17 19:18:18,0,file:///Volumes/Seagate%20Thunderbolt%20Drive/Music/ESG/_Unknown_/Get%20Funky.mp3
58070,Dance,ESG,<Unknown>,Funk/Soul,2014-06-09 05:37:17,0,file:///Volumes/Seagate%20Thunderbolt%20Drive/Music/ESG/_Unknown_/Dance.mp3
48410,Brothers On The Slide,Cymande,<Unknown>,Funk/Soul,2014-06-03 11:34:44,0,file:///Volumes/Seagate%20Thunderbolt%20Drive/Music/Cymande/_Unknown_/Brothers%20On%20The%20Slide.mp3
85674,Groove Me ,Mass Production,                              ,Funk/Soul,2014-05-23 09:27:24,0,file:///Volumes/Seagate%20Thunderbolt%20Drive/Music/Mass%20Production/_%20%20%20%20%20%20%20%20%20%20%20%20%20%20%20%20%20%20%20%20%20%20%20%20%20%20%20%20_/Groove%20Me.mp3
46596,I Wouldnt Change A Thing,Coke Escovedo,,Funk/Soul,2014-05-20 12:21:46,0,file:///Volumes/Seagate%20Thunderbolt%20Drive/Music/Coke%20Escovedo/Unknown%20Album/I%20Wouldnt%20Change%20A%20Thing.mp3
29816,Thin Boys,A Certain Ratio,The Old & The New,Funk/Soul,2014-05-31 06:42:06,0,file:///Volumes/Seagate%20Thunderbolt%20Drive/Music/A%20Certain%20Ratio/The%20Old%20&%20The%20New/Thin%20Boys.mp3
43868,Can We Rap,Carleen & The Groovers,,Funk/Soul,2014-06-07 02:24:58,0,file:///Volumes/Seagate%20Thunderbolt%20Drive/Music/Carleen%20&%20The%20Groovers/Unknown%20Album/Can%20We%20Rap.mp3
43802,Super Sperm,Captain Sky,,Funk/Soul,2014-05-31 13:31:19,0,file:///Volumes/Seagate%20Thunderbolt%20Drive/Music/Captain%20Sky/Unknown%20Album/Super%20Sperm.mp3
43800,Wonder Worm ,Captain Sky,The Adventures Of Captain Sky ,Funk/Soul,2014-06-15 14:21:07,0,file:///Volumes/Seagate%20Thunderbolt%20Drive/Music/Captain%20Sky/The%20Adventures%20Of%20Captain%20Sky/Wonder%20Worm.mp3
42314,Them Changes,Buddy Miles,<Unknown>,Funk/Soul,2014-06-13 22:45:11,0,file:///Volumes/Seagate%20Thunderbolt%20Drive/Music/Buddy%20Miles/_Unknown_/Them%20Changes.mp3
41448,Changin - 7A,Brass Construction,                              ,Funk/Soul,2014-05-23 08:26:30,0,file:///Volumes/Seagate%20Thunderbolt%20Drive/Music/Brass%20Construction/_%20%20%20%20%20%20%20%20%20%20%20%20%20%20%20%20%20%20%20%20%20%20%20%20%20%20%20%20_/Changin%20-%207A.mp3
41450,Watch Out,Brass Construction,<Unknown>,Funk/Soul,2014-05-25 00:43:08,0,file:///Volumes/Seagate%20Thunderbolt%20Drive/Music/Brass%20Construction/_Unknown_/Watch%20Out.mp3
40698,Melting Pot,Booker T & The MG's,                              ,Funk/Soul,2014-05-25 17:39:48,0,file:///Volumes/Seagate%20Thunderbolt%20Drive/Music/Booker%20T%20&%20The%20MG's/_%20%20%20%20%20%20%20%20%20%20%20%20%20%20%20%20%20%20%20%20%20%20%20%20%20%20%20%20_/Melting%20Pot.mp3
128014,Just Be Thankful For What You Got,William Devaughn,,Funk/Jazz,2014-05-22 05:38:52,0,file:///Volumes/Seagate%20Thunderbolt%20Drive/Music/William%20Devaughn/Unknown%20Album/15%20Just%20Be%20Thankful%20For%20What%20You%20Got.mp3
127498,Mysterious Traveller,Weather Report,,Funk/Jazz,2014-05-21 22:46:09,0,file:///Volumes/Seagate%20Thunderbolt%20Drive/Music/Weather%20Report/Unknown%20Album/Mysterious%20Traveller.mp3
112172,Asiko,Tony Allen,,Funk/Jazz,2014-06-06 14:11:41,0,file:///Volumes/Seagate%20Thunderbolt%20Drive/Music/Tony%20Allen/Unknown%20Album/09%20Asiko.mp3
112170,Home Cooking,Tony Allen,,Funk/Jazz,2014-06-18 13:58:19,0,file:///Volumes/Seagate%20Thunderbolt%20Drive/Music/Tony%20Allen/Unknown%20Album/02%20Home%20Cooking.mp3
29814,Gum,A Certain Ratio,<Unknown>,Funk/Soul,2014-06-16 21:05:17,0,file:///Volumes/Seagate%20Thunderbolt%20Drive/Music/A%20Certain%20Ratio/_Unknown_/Gum.mp3
104082,People Make The World Go Round,Stylistics,,Funk/Jazz,2014-06-14 18:13:53,0,file:///Volumes/Seagate%20Thunderbolt%20Drive/Music/Stylistics/Unknown%20Album/People%20Make%20The%20World%20Go%20Round.mp3
109654,Pass The Peas,The Meters,<Unknown>,Funk/Soul,2014-06-03 08:32:35,0,file:///Volumes/Seagate%20Thunderbolt%20Drive/Music/The%20Meters/_Unknown_/Pass%20The%20Peas.mp3
87138,T L C (tender Lovin Care),mfsb,<Unknown>,Funk/Soul,2014-05-21 19:28:33,0,file:///Volumes/Seagate%20Thunderbolt%20Drive/Music/mfsb/_Unknown_/T%20L%20C%20(tender%20Lovin%20Care).mp3
115278,Cantaloop (Flip Fantasia),US3,The Very Best Of Jazz Funk - CD2,Jazz Funk,2014-05-21 14:47:12,0,file:///Volumes/Seagate%20Thunderbolt%20Drive/Music/US3/The%20Very%20Best%20Of%20Jazz%20Funk%20-%20CD2/13%20Cantaloop%20(Flip%20Fantasia).mp3
111960,Funkin' For Jamaica - 5A/4A,Tom Browne,The Very Best Of Jazz Funk - CD1,Jazz Funk,2014-06-05 07:47:46,0,file:///Volumes/Seagate%20Thunderbolt%20Drive/Music/Tom%20Browne/The%20Very%20Best%20Of%20Jazz%20Funk%20-%20CD1/01%20Funkin'%20For%20Jamaica%20-%205A_4A.mp3
105376,Come With Me,Tania Maria,The Very Best Of Jazz Funk - CD1,Jazz Funk,2014-05-23 10:42:50,0,file:///Volumes/Seagate%20Thunderbolt%20Drive/Music/Tania%20Maria/The%20Very%20Best%20Of%20Jazz%20Funk%20-%20CD1/13%20Come%20With%20Me.mp3
103382,Morning Dance,Spyro Gyra,The Very Best Of Jazz Funk - CD2,Jazz Funk,2014-06-01 10:19:09,0,file:///Volumes/Seagate%20Thunderbolt%20Drive/Music/Spyro%20Gyra/The%20Very%20Best%20Of%20Jazz%20Funk%20-%20CD2/07%20Morning%20Dance.mp3
96308,Sassy Stew,Ramsey Lewis,The Very Best Of Jazz Funk - CD1,Jazz Funk,2014-05-28 02:06:09,0,file:///Volumes/Seagate%20Thunderbolt%20Drive/Music/Ramsey%20Lewis/The%20Very%20Best%20Of%20Jazz%20Funk%20-%20CD1/05%20Sassy%20Stew.mp3
91746,Black Cow,Norman Connors,The Very Best Of Jazz Funk - CD1,Jazz Funk,2014-06-08 10:41:28,0,file:///Volumes/Seagate%20Thunderbolt%20Drive/Music/Norman%20Connors/The%20Very%20Best%20Of%20Jazz%20Funk%20-%20CD1/11%20Black%20Cow.mp3
81736,Expansions,Lonnie Liston Smith,The Very Best Of Jazz Funk - CD1,Jazz Funk,2014-05-30 02:33:10,0,file:///Volumes/Seagate%20Thunderbolt%20Drive/Music/Lonnie%20Liston%20Smith/The%20Very%20Best%20Of%20Jazz%20Funk%20-%20CD1/02%20Expansions.mp3
78648,Minute By Minute,Larry Carlton,The Very Best Of Jazz Funk - CD1,Jazz Funk,2014-06-06 20:12:14,0,file:///Volumes/Seagate%20Thunderbolt%20Drive/Music/Larry%20Carlton/The%20Very%20Best%20Of%20Jazz%20Funk%20-%20CD1/12%20Minute%20By%20Minute.mp3
64652,Don't You Worry 'Bout A Thing,Hank Crawford,The Very Best Of Jazz Funk - CD2,Jazz Funk,2014-06-06 17:19:03,0,file:///Volumes/Seagate%20Thunderbolt%20Drive/Music/Hank%20Crawford/The%20Very%20Best%20Of%20Jazz%20Funk%20-%20CD2/09%20Don't%20You%20Worry%20'Bout%20A%20Thing.mp3
63914,Mister Magic,Grover Washington Jr.,The Very Best Of Jazz Funk - CD1,Jazz Funk,2014-05-25 10:53:30,0,file:///Volumes/Seagate%20Thunderbolt%20Drive/Music/Grover%20Washington%20Jr/The%20Very%20Best%20Of%20Jazz%20Funk%20-%20CD1/03%20Mister%20Magic.mp3
57966,Ginseng Woman,Eric Gale,The Very Best Of Jazz Funk - CD2,Jazz Funk,2014-05-28 12:24:52,0,file:///Volumes/Seagate%20Thunderbolt%20Drive/Music/Eric%20Gale/The%20Very%20Best%20Of%20Jazz%20Funk%20-%20CD2/10%20Ginseng%20Woman.mp3
55666,Dance With Me,Earl Klugh,The Very Best Of Jazz Funk - CD2,Jazz Funk,2014-06-14 11:48:52,0,file:///Volumes/Seagate%20Thunderbolt%20Drive/Music/Earl%20Klugh/The%20Very%20Best%20Of%20Jazz%20Funk%20-%20CD2/06%20Dance%20With%20Me.mp3
109656,Stretch Your Rubber Band,The Meters,<Unknown>,Funk/Soul,2014-06-01 10:23:53,0,file:///Volumes/Seagate%20Thunderbolt%20Drive/Music/The%20Meters/_Unknown_/Stretch%20Your%20Rubber%20Band.mp3
53560,(Falling Like) Dominoes,Donald Byrd,The Very Best Of Jazz Funk - CD1,Jazz Funk,2014-06-04 03:05:07,0,file:///Volumes/Seagate%20Thunderbolt%20Drive/Music/Donald%20Byrd/The%20Very%20Best%20Of%20Jazz%20Funk%20-%20CD1/04%20(Falling%20Like)%20Dominoes.mp3
46050,Feels So Good,Chuck Mangione,The Very Best Of Jazz Funk - CD2,Jazz Funk,2014-05-20 15:27:32,0,file:///Volumes/Seagate%20Thunderbolt%20Drive/Music/Chuck%20Mangione/The%20Very%20Best%20Of%20Jazz%20Funk%20-%20CD2/05%20Feels%20So%20Good.mp3
41470,Sneakin Up Behind You,Brecker Brothers,The Very Best Of Jazz Funk - CD2,Jazz Funk,2014-06-01 22:35:21,0,file:///Volumes/Seagate%20Thunderbolt%20Drive/Music/Brecker%20Brothers/The%20Very%20Best%20Of%20Jazz%20Funk%20-%20CD2/04%20Sneakin%20Up%20Behind%20You.mp3
36726,Killer Joe,Benny Golson,The Very Best Of Jazz Funk - CD1,Jazz Funk,2014-06-09 23:07:49,0,file:///Volumes/Seagate%20Thunderbolt%20Drive/Music/Benny%20Golson/The%20Very%20Best%20Of%20Jazz%20Funk%20-%20CD1/08%20Killer%20Joe.mp3
34434,Jazz Carnival,Azymuth,The Very Best Of Jazz Funk - CD2,Jazz Funk,2014-06-13 23:21:59,0,file:///Volumes/Seagate%20Thunderbolt%20Drive/Music/Azymuth/The%20Very%20Best%20Of%20Jazz%20Funk%20-%20CD2/08%20Jazz%20Carnival.mp3
32450,By All Means (feat Herbie Hancock),Alphonse Mouzon,The Very Best Of Jazz Funk - CD1,Jazz Funk,2014-06-07 02:11:08,0,file:///Volumes/Seagate%20Thunderbolt%20Drive/Music/Alphonse%20Mouzon/The%20Very%20Best%20Of%20Jazz%20Funk%20-%20CD1/09%20By%20All%20Means%20(feat%20Herbie%20Hancock).mp3
128846,L.A. Night [12' Version],Yasuko Agawa,<Unknown>,Funk/Soul,2014-05-30 07:16:51,0,file:///Volumes/Seagate%20Thunderbolt%20Drive/Music/Yasuko%20Agawa/_Unknown_/L.A.%20Night%20%5B12'%20Version%5D.mp3
112434,Drop It In The Slot,Tower of Power,<Unknown>,Funk/Soul,2014-06-15 11:09:21,0,file:///Volumes/Seagate%20Thunderbolt%20Drive/Music/Tower%20of%20Power/_Unknown_/Drop%20It%20In%20The%20Slot.mp3
111972,Thighs High,Tom Browne,,Funk/Soul,2014-05-22 03:56:48,0,file:///Volumes/Seagate%20Thunderbolt%20Drive/Music/Tom%20Browne/Unknown%20Album/Thighs%20High.mp3
101274,En Melody,Serge Gainsbourg,<Unknown>,Funk/Soul,2014-05-23 17:29:32,0,file:///Volumes/Seagate%20Thunderbolt%20Drive/Music/Serge%20Gainsbourg/_Unknown_/En%20Melody.mp3
94410,Let's Dance,Pleasure,                              ,Funk/Soul,2014-05-29 04:08:33,0,file:///Volumes/Seagate%20Thunderbolt%20Drive/Music/Pleasure/_%20%20%20%20%20%20%20%20%20%20%20%20%20%20%20%20%20%20%20%20%20%20%20%20%20%20%20%20_/Let's%20Dance.mp3
94412,Ghettos of the Mind,Pleasure,<Unknown>,Funk/Soul,2014-06-10 23:37:52,0,file:///Volumes/Seagate%20Thunderbolt%20Drive/Music/Pleasure/_Unknown_/Ghettos%20of%20the%20Mind.MP3
91980,Put the Music Where Your Mouth Is,Olympic Runners,25th Hour Soundtrack,Funk/Soul,2014-05-21 09:52:29,0,file:///Volumes/Seagate%20Thunderbolt%20Drive/Music/Olympic%20Runners/25th%20Hour%20Soundtrack/Put%20the%20Music%20Where%20Your%20Mouth%20Is.mp3
50984,Also Sprach Zarathustra,Deodato,The Very Best Of Jazz Funk - CD2,Jazz Funk,2014-06-18 01:50:49,0,file:///Volumes/Seagate%20Thunderbolt%20Drive/Music/Deodato/The%20Very%20Best%20Of%20Jazz%20Funk%20-%20CD2/02%20Also%20Sprach%20Zarathustra.mp3
78206,Kickin' Back,L.T.D.,Love Magic,Funk,2014-06-15 10:00:50,0,file:///Volumes/Seagate%20Thunderbolt%20Drive/Music/L.T.D_/Love%20Magic/01%20Kickin'%20Back.mp3
78208,Burnin' Hot,L.T.D.,Love Magic,Funk,2014-05-24 16:11:56,0,file:///Volumes/Seagate%20Thunderbolt%20Drive/Music/L.T.D_/Love%20Magic/02%20Burnin'%20Hot.mp3
78152,Lady Love,L.T.D., Greatest Hits,Funk,2014-06-07 05:21:11,0,file:///Volumes/Seagate%20Thunderbolt%20Drive/Music/L.T.D_/_Greatest%20Hits/13%20Lady%20Love.mp3
106964,People Unite To Save Humanity,The Bar-Kays,Do You See What I See?,Funk,2014-06-03 06:58:49,0,file:///Volumes/Seagate%20Thunderbolt%20Drive/Music/The%20Bar-Kays/Do%20You%20See%20What%20I%20See_/10%20People%20Unite%20To%20Save%20Humanity.mp3
106962,Love Pollution,The Bar-Kays,Do You See What I See?,Funk,2014-06-12 01:03:51,0,file:///Volumes/Seagate%20Thunderbolt%20Drive/Music/The%20Bar-Kays/Do%20You%20See%20What%20I%20See_/09%20Love%20Pollution.mp3
106960,It Ain't Easy,The Bar-Kays,Do You See What I See?,Funk,2014-06-07 04:37:05,0,file:///Volumes/Seagate%20Thunderbolt%20Drive/Music/The%20Bar-Kays/Do%20You%20See%20What%20I%20See_/08%20It%20Ain't%20Easy.mp3
106958,Your Good Thing (Is About To End),The Bar-Kays,Do You See What I See?,Funk,2014-06-12 04:18:45,0,file:///Volumes/Seagate%20Thunderbolt%20Drive/Music/The%20Bar-Kays/Do%20You%20See%20What%20I%20See_/07%20Your%20Good%20Thing%20(Is%20About%20To%20End).mp3
106956,I Was Made To Love Her,The Bar-Kays,Do You See What I See?,Funk,2014-06-15 15:00:21,0,file:///Volumes/Seagate%20Thunderbolt%20Drive/Music/The%20Bar-Kays/Do%20You%20See%20What%20I%20See_/06%20I%20Was%20Made%20To%20Love%20Her.mp3
106954,You're Still My Brother,The Bar-Kays,Do You See What I See?,Funk,2014-05-26 17:13:46,0,file:///Volumes/Seagate%20Thunderbolt%20Drive/Music/The%20Bar-Kays/Do%20You%20See%20What%20I%20See_/05%20You're%20Still%20My%20Brother.mp3
106952,You're The Best Thing That Ever Happened To Me,The Bar-Kays,Do You See What I See?,Funk,2014-05-31 23:29:46,0,file:///Volumes/Seagate%20Thunderbolt%20Drive/Music/The%20Bar-Kays/Do%20You%20See%20What%20I%20See_/04%20You're%20The%20Best%20Thing%20That%20Ever%20Happened%20To%20Me.mp3
106950,Be Yourself,The Bar-Kays,Do You See What I See?,Funk,2014-06-15 21:06:55,0,file:///Volumes/Seagate%20Thunderbolt%20Drive/Music/The%20Bar-Kays/Do%20You%20See%20What%20I%20See_/03%20Be%20Yourself.mp3
106948,God Is Watching,The Bar-Kays,Do You See What I See?,Funk,2014-06-15 03:36:49,0,file:///Volumes/Seagate%20Thunderbolt%20Drive/Music/The%20Bar-Kays/Do%20You%20See%20What%20I%20See_/02%20God%20Is%20Watching.mp3
106946,Do You See What I See,The Bar-Kays,Do You See What I See?,Funk,2014-06-05 12:46:15,0,file:///Volumes/Seagate%20Thunderbolt%20Drive/Music/The%20Bar-Kays/Do%20You%20See%20What%20I%20See_/01%20Do%20You%20See%20What%20I%20See.mp3
106944,Sex-O-Matic,The Bar-Kays,Dangerous,Funk,2014-05-26 12:29:34,0,file:///Volumes/Seagate%20Thunderbolt%20Drive/Music/The%20Bar-Kays/Dangerous/08%20Sex-O-Matic.mp3
106942,Loose Talk,The Bar-Kays,Dangerous,Funk,2014-05-29 09:03:45,0,file:///Volumes/Seagate%20Thunderbolt%20Drive/Music/The%20Bar-Kays/Dangerous/07%20Loose%20Talk.mp3
106966,Copy Kat,The Bar-Kays,Do You See What I See?,Funk,2014-06-13 07:48:44,0,file:///Volumes/Seagate%20Thunderbolt%20Drive/Music/The%20Bar-Kays/Do%20You%20See%20What%20I%20See_/12%20Copy%20Kat.mp3
106940,Lovers Should Never Fall In Love,The Bar-Kays,Dangerous,Funk,2014-06-10 17:44:24,0,file:///Volumes/Seagate%20Thunderbolt%20Drive/Music/The%20Bar-Kays/Dangerous/06%20Lovers%20Should%20Never%20Fall%20In%20Love.mp3
106936,"Dance, Party, etc.",The Bar-Kays,2014-06-05 14:19:31,Funk,2014-08-26 01:59:59,0,"file:///Volumes/Seagate%20Thunderbolt%20Drive/Music/The%20Bar-Kays/Dangerous/04%20Dance,%20Party,%20etc..mp3"
106934,Make Believe Lover,The Bar-Kays,Dangerous,Funk,2014-06-11 22:17:54,0,file:///Volumes/Seagate%20Thunderbolt%20Drive/Music/The%20Bar-Kays/Dangerous/03%20Make%20Believe%20Lover.mp3
106932,Dirty Dancer,The Bar-Kays,Dangerous,Funk,2014-06-14 19:51:43,0,file:///Volumes/Seagate%20Thunderbolt%20Drive/Music/The%20Bar-Kays/Dangerous/02%20Dirty%20Dancer.mp3
106930,Dangerous,The Bar-Kays,Dangerous,Funk,2014-05-25 13:26:08,0,file:///Volumes/Seagate%20Thunderbolt%20Drive/Music/The%20Bar-Kays/Dangerous/01%20Dangerous.mp3
106928,Touch,The Bar-Kays,Contagious,Funk,2014-06-09 19:16:49,0,file:///Volumes/Seagate%20Thunderbolt%20Drive/Music/The%20Bar-Kays/Contagious/09%20Touch.mp3
106926,Time Out,The Bar-Kays,Contagious,Funk,2014-06-03 09:08:07,0,file:///Volumes/Seagate%20Thunderbolt%20Drive/Music/The%20Bar-Kays/Contagious/08%20Time%20Out.mp3
106924,This Could Be the Night,The Bar-Kays,Contagious,Funk,2014-05-24 23:27:38,0,file:///Volumes/Seagate%20Thunderbolt%20Drive/Music/The%20Bar-Kays/Contagious/07%20This%20Could%20Be%20the%20Night.mp3
106922,Something in the Air,The Bar-Kays,Contagious,Funk,2014-06-06 08:59:52,0,file:///Volumes/Seagate%20Thunderbolt%20Drive/Music/The%20Bar-Kays/Contagious/06%20Something%20in%20the%20Air.mp3
106920,Contagious,The Bar-Kays,Contagious,Funk,2014-05-25 06:08:41,0,file:///Volumes/Seagate%20Thunderbolt%20Drive/Music/The%20Bar-Kays/Contagious/05%20Contagious.mp3
106918,Freak City U.s.a.,The Bar-Kays,Contagious,Funk,2014-05-20 14:57:51,0,file:///Volumes/Seagate%20Thunderbolt%20Drive/Music/The%20Bar-Kays/Contagious/04%20Freak%20City%20U.s.a..mp3
106916,Many Mistakes,The Bar-Kays,Contagious,Funk,2014-06-07 12:46:33,0,file:///Volumes/Seagate%20Thunderbolt%20Drive/Music/The%20Bar-Kays/Contagious/03%20Many%20Mistakes.mp3
106914,Don't Hang Up,The Bar-Kays,Contagious,Funk,2014-06-02 11:22:56,0,file:///Volumes/Seagate%20Thunderbolt%20Drive/Music/The%20Bar-Kays/Contagious/02%20Don't%20Hang%20Up.mp3
106938,Freakshow On The Dance Floor,The Bar-Kays,Dangerous,Funk,2014-05-29 06:44:55,0,file:///Volumes/Seagate%20Thunderbolt%20Drive/Music/The%20Bar-Kays/Dangerous/05%20Freakshow%20On%20The%20Dance%20Floor.mp3
106912,Certified True,The Bar-Kays,Contagious,Funk,2014-05-23 00:33:55,0,file:///Volumes/Seagate%20Thunderbolt%20Drive/Music/The%20Bar-Kays/Contagious/01%20Certified%20True.mp3
106968,Memphis At Sunrise,The Bar-Kays,Do You See What I See?,Funk,2014-05-20 06:43:06,0,file:///Volumes/Seagate%20Thunderbolt%20Drive/Music/The%20Bar-Kays/Do%20You%20See%20What%20I%20See_/13%20Memphis%20At%20Sunrise.mp3
106972,I Can't Turn You Loose,The Bar-Kays,Do You See What I See?,Funk,2014-06-12 11:08:04,0,file:///Volumes/Seagate%20Thunderbolt%20Drive/Music/The%20Bar-Kays/Do%20You%20See%20What%20I%20See_/15%20I%20Can't%20Turn%20You%20Loose.mp3
107024,Hit And Run,The Bar-Kays,Nightcruising,Funk,2014-06-08 21:10:44,0,file:///Volumes/Seagate%20Thunderbolt%20Drive/Music/The%20Bar-Kays/Nightcruising/02%20Hit%20And%20Run.mp3
107022,Nightcruising,The Bar-Kays,Nightcruising,Funk,2014-06-02 15:02:54,0,file:///Volumes/Seagate%20Thunderbolt%20Drive/Music/The%20Bar-Kays/Nightcruising/01%20Nightcruising.mp3
107020,Holy Ghost (Reborn),The Bar-Kays,Money Talks,Funk,2014-05-29 07:29:17,0,file:///Volumes/Seagate%20Thunderbolt%20Drive/Music/The%20Bar-Kays/Money%20Talks/06%20Holy%20Ghost%20(Reborn).MP3
107018,Mean Mistreater,The Bar-Kays,Money Talks,Funk,2014-06-18 03:50:46,0,file:///Volumes/Seagate%20Thunderbolt%20Drive/Music/The%20Bar-Kays/Money%20Talks/05%20Mean%20Mistreater.MP3
107016,Money Talks,The Bar-Kays,Money Talks,Funk,2014-06-14 08:49:01,0,file:///Volumes/Seagate%20Thunderbolt%20Drive/Music/The%20Bar-Kays/Money%20Talks/04%20Money%20Talks.MP3
107014,Monster,The Bar-Kays,Money Talks,Funk,2014-06-16 13:06:34,0,file:///Volumes/Seagate%20Thunderbolt%20Drive/Music/The%20Bar-Kays/Money%20Talks/03%20Monster.MP3
107012,Feelin' Allright,The Bar-Kays,Money Talks,Funk,2014-06-09 15:36:55,0,file:///Volumes/Seagate%20Thunderbolt%20Drive/Music/The%20Bar-Kays/Money%20Talks/02%20Feelin'%20Allright.MP3
107010,Holy Ghost,The Bar-Kays,Money Talks,Funk,2014-06-14 01:44:26,0,file:///Volumes/Seagate%20Thunderbolt%20Drive/Music/The%20Bar-Kays/Money%20Talks/01%20Holy%20Ghost.MP3
107008,Bar Kays-We're the Happiest Pe,The Bar-Kays,Light of Life LP,Funk,2014-05-29 04:13:16,0,file:///Volumes/Seagate%20Thunderbolt%20Drive/Music/The%20Bar-Kays/Light%20of%20Life%20LP/Bar%20Kays-We're%20the%20Happiest%20Pe.mp3
107006,Bar Kays-Loves What It's All A,The Bar-Kays,Light of Life LP,Funk,2014-06-06 10:25:14,0,file:///Volumes/Seagate%20Thunderbolt%20Drive/Music/The%20Bar-Kays/Light%20of%20Life%20LP/Bar%20Kays-Loves%20What%20It's%20All%20A.mp3
107004,Bar Kays-Are You Being Real,The Bar-Kays,Light of Life LP,Funk,2014-06-18 08:37:58,0,file:///Volumes/Seagate%20Thunderbolt%20Drive/Music/The%20Bar-Kays/Light%20of%20Life%20LP/Bar%20Kays-Are%20You%20Being%20Real.mp3
107002,I Lean on You and You Lean On Me,The Bar-Kays,Light of Life,Funk,2014-06-16 01:24:57,0,file:///Volumes/Seagate%20Thunderbolt%20Drive/Music/The%20Bar-Kays/Light%20of%20Life/03%20I%20Lean%20on%20You%20and%20You%20Lean%20On%20Me.mp3
106970,Medley,The Bar-Kays,Do You See What I See?,Funk,2014-05-24 07:49:48,0,file:///Volumes/Seagate%20Thunderbolt%20Drive/Music/The%20Bar-Kays/Do%20You%20See%20What%20I%20See_/14%20Medley.mp3
107000,08 - Up In Here,The Bar-Kays,Injoy,Funk,2014-05-25 19:59:16,0,file:///Volumes/Seagate%20Thunderbolt%20Drive/Music/The%20Bar-Kays/Injoy/08%20-%20Up%20In%20Here.mp3
106996,06 - Today Is The Day,The Bar-Kays,Injoy,Funk,2014-06-13 15:23:16,0,file:///Volumes/Seagate%20Thunderbolt%20Drive/Music/The%20Bar-Kays/Injoy/06%20-%20Today%20Is%20The%20Day.mp3
106994,05 - Loving You Is My Occupation,The Bar-Kays,Injoy,Funk,2014-06-04 02:05:50,0,file:///Volumes/Seagate%20Thunderbolt%20Drive/Music/The%20Bar-Kays/Injoy/05%20-%20Loving%20You%20Is%20My%20Occupation.mp3
106992,04 - Girl I'm On Your Side,The Bar-Kays,Injoy,Funk,2014-06-07 10:15:16,0,file:///Volumes/Seagate%20Thunderbolt%20Drive/Music/The%20Bar-Kays/Injoy/04%20-%20Girl%20I'm%20On%20Your%20Side.mp3
106990,03 - Running In And Out Of My Life,The Bar-Kays,Injoy,Funk,2014-05-24 07:57:02,0,file:///Volumes/Seagate%20Thunderbolt%20Drive/Music/The%20Bar-Kays/Injoy/03%20-%20Running%20In%20And%20Out%20Of%20My%20Life.mp3
106988,02 - Move Your Boogie Body,The Bar-Kays,Injoy,Funk,2014-05-29 00:07:55,0,file:///Volumes/Seagate%20Thunderbolt%20Drive/Music/The%20Bar-Kays/Injoy/02%20-%20Move%20Your%20Boogie%20Body.mp3
106986,01 - More And More,The Bar-Kays,Injoy,Funk,2014-06-11 02:29:34,0,file:///Volumes/Seagate%20Thunderbolt%20Drive/Music/The%20Bar-Kays/Injoy/01%20-%20More%20And%20More.mp3
106984,Let's Have Some Fun,The Bar-Kays,Flying High On Your Love,Funk,2014-05-21 03:53:39,0,file:///Volumes/Seagate%20Thunderbolt%20Drive/Music/The%20Bar-Kays/Flying%20High%20On%20Your%20Love/3-06%20Let's%20Have%20Some%20Fun.mp3
106982,You can't run away,The Bar-Kays,Flying High On Your Love,Funk,2014-06-05 04:48:40,0,file:///Volumes/Seagate%20Thunderbolt%20Drive/Music/The%20Bar-Kays/Flying%20High%20On%20Your%20Love/08%20You%20can't%20run%20away.mp3
106980,can't keep my hands off you,The Bar-Kays,Flying High On Your Love,Funk,2014-05-21 06:32:14,0,file:///Volumes/Seagate%20Thunderbolt%20Drive/Music/The%20Bar-Kays/Flying%20High%20On%20Your%20Love/05%20can't%20keep%20my%20hands%20off%20you.mp3
106978,whatever it is,The Bar-Kays,Flying High On Your Love,Funk,2014-06-02 11:05:22,0,file:///Volumes/Seagate%20Thunderbolt%20Drive/Music/The%20Bar-Kays/Flying%20High%20On%20Your%20Love/04%20whatever%20it%20is.mp3
106976,Woman Of The Night,The Bar-Kays,Flying High On Your Love,Funk,2014-06-12 18:39:40,0,file:///Volumes/Seagate%20Thunderbolt%20Drive/Music/The%20Bar-Kays/Flying%20High%20On%20Your%20Love/03%20Woman%20Of%20The%20Night.mp3
106974,Shut The Funk Up ,The Bar-Kays,Flying High On Your Love,Funk,2014-06-07 22:44:52,0,file:///Volumes/Seagate%20Thunderbolt%20Drive/Music/The%20Bar-Kays/Flying%20High%20On%20Your%20Love/01%20Shut%20The%20Funk%20Up.mp3
106998,07 - You've Been,The Bar-Kays,Injoy,Funk,2014-05-25 11:56:59,0,file:///Volumes/Seagate%20Thunderbolt%20Drive/Music/The%20Bar-Kays/Injoy/07%20-%20You've%20Been.mp3
78154,Shine On,L.T.D., Greatest Hits,Funk,2014-06-09 09:54:49,0,file:///Volumes/Seagate%20Thunderbolt%20Drive/Music/L.T.D_/_Greatest%20Hits/14%20Shine%20On.mp3
106910,Would I If I Could,The Bar-Kays,Cold Blooded LP,Funk,2014-06-02 04:56:37,0,file:///Volumes/Seagate%20Thunderbolt%20Drive/Music/The%20Bar-Kays/Cold%20Blooded%20LP/09%20Would%20I%20If%20I%20Could.mp3
106906,(I've Got To) Use My Imagination,The Bar-Kays,Cold Blooded LP,Funk,2014-06-02 02:25:06,0,file:///Volumes/Seagate%20Thunderbolt%20Drive/Music/The%20Bar-Kays/Cold%20Blooded%20LP/07%20(I've%20Got%20To)%20Use%20My%20Imagination.mp3
106846,Love Don't Wait,The Bar-Kays,Banging The Wall,Funk,2014-05-26 01:48:28,0,file:///Volumes/Seagate%20Thunderbolt%20Drive/Music/The%20Bar-Kays/Banging%20The%20Wall/06%20Love%20Don't%20Wait.mp3
106844,"Dance Your Body, Desara",The Bar-Kays,Banging The Wall,2014-06-18 13:28:46,2014-08-26 01:59:59,0,"file:///Volumes/Seagate%20Thunderbolt%20Drive/Music/The%20Bar-Kays/Banging%20The%20Wall/05%20Dance%20Your%20Body,%20Desara.mp3"
106842,Sex Driver,The Bar-Kays,Banging The Wall,Funk,2014-06-04 03:27:07,0,file:///Volumes/Seagate%20Thunderbolt%20Drive/Music/The%20Bar-Kays/Banging%20The%20Wall/04%20Sex%20Driver.mp3
106840,Paper Doll,The Bar-Kays,Banging The Wall,Funk,2014-05-29 17:39:29,0,file:///Volumes/Seagate%20Thunderbolt%20Drive/Music/The%20Bar-Kays/Banging%20The%20Wall/03%20Paper%20Doll.mp3
106838,Banging The Walls,The Bar-Kays,Banging The Wall,Funk,2014-05-31 21:43:42,0,file:///Volumes/Seagate%20Thunderbolt%20Drive/Music/The%20Bar-Kays/Banging%20The%20Wall/02%20Banging%20The%20Walls.mp3
106836,Your Place Or Mine,The Bar-Kays,Banging The Wall,Funk,2014-06-14 00:11:54,0,file:///Volumes/Seagate%20Thunderbolt%20Drive/Music/The%20Bar-Kays/Banging%20The%20Wall/01%20Your%20Place%20Or%20Mine.mp3
106834,Deliver Us,The Bar-Kays,As One,Funk,2014-06-10 15:30:48,0,file:///Volumes/Seagate%20Thunderbolt%20Drive/Music/The%20Bar-Kays/As%20One/08%20Deliver%20Us.mp3
106832,Open Your Heart,The Bar-Kays,As One,Funk,2014-06-06 16:18:21,0,file:///Volumes/Seagate%20Thunderbolt%20Drive/Music/The%20Bar-Kays/As%20One/07%20Open%20Your%20Heart.mp3
106830,Take The Time To Love Somebody,The Bar-Kays,As One,Funk,2014-05-27 13:08:24,0,file:///Volumes/Seagate%20Thunderbolt%20Drive/Music/The%20Bar-Kays/As%20One/06%20Take%20The%20Time%20To%20Love%20Somebody.mp3
106828,As One,The Bar-Kays,As One,Funk,2014-06-07 05:03:05,0,file:///Volumes/Seagate%20Thunderbolt%20Drive/Music/The%20Bar-Kays/As%20One/05%20As%20One.mp3
106826,Body Fever,The Bar-Kays,As One,Funk,2014-05-22 06:15:41,0,file:///Volumes/Seagate%20Thunderbolt%20Drive/Music/The%20Bar-Kays/As%20One/04%20Body%20Fever.mp3
106824,Work It Out,The Bar-Kays,As One,Funk,2014-06-03 20:10:57,0,file:///Volumes/Seagate%20Thunderbolt%20Drive/Music/The%20Bar-Kays/As%20One/03%20Work%20It%20Out.mp3
106848,Missiles On Target,The Bar-Kays,Banging The Wall,Funk,2014-06-04 08:57:14,0,file:///Volumes/Seagate%20Thunderbolt%20Drive/Music/The%20Bar-Kays/Banging%20The%20Wall/07%20Missiles%20On%20Target.mp3
106822,Say It Through Love,The Bar-Kays,As One,Funk,2014-06-18 00:57:26,0,file:///Volumes/Seagate%20Thunderbolt%20Drive/Music/The%20Bar-Kays/As%20One/02%20Say%20It%20Through%20Love.mp3
106818,Struck by you  (12'' version),The Bar-Kays,Animal,Funk,2014-06-04 02:16:20,0,file:///Volumes/Seagate%20Thunderbolt%20Drive/Music/The%20Bar-Kays/Animal/10%20Struck%20by%20you%20%20(12''%20version).mp3
106816,Leaving you,The Bar-Kays,Animal,Funk,2014-05-23 19:55:22,0,file:///Volumes/Seagate%20Thunderbolt%20Drive/Music/The%20Bar-Kays/Animal/09%20Leaving%20you.mp3
106814,I adore you,The Bar-Kays,Animal,Funk,2014-06-02 04:13:47,0,file:///Volumes/Seagate%20Thunderbolt%20Drive/Music/The%20Bar-Kays/Animal/08%20I%20adore%20you.mp3
106812,Just like a teeter-totter,The Bar-Kays,Animal,Funk,2014-06-16 01:51:10,0,file:///Volumes/Seagate%20Thunderbolt%20Drive/Music/The%20Bar-Kays/Animal/07%20Just%20like%20a%20teeter-totter.mp3
106810,Get your fingers wet,The Bar-Kays,Animal,Funk,2014-05-30 09:36:52,0,file:///Volumes/Seagate%20Thunderbolt%20Drive/Music/The%20Bar-Kays/Animal/06%20Get%20your%20fingers%20wet.mp3
106808,Are U available,The Bar-Kays,Animal,Funk,2014-05-20 13:51:03,0,file:///Volumes/Seagate%20Thunderbolt%20Drive/Music/The%20Bar-Kays/Animal/05%20Are%20U%20available.mp3
106806,Someone else,The Bar-Kays,Animal,Funk,2014-06-04 02:30:00,0,file:///Volumes/Seagate%20Thunderbolt%20Drive/Music/The%20Bar-Kays/Animal/04%20Someone%20else.mp3
106804,Stop! Look what you're missing,The Bar-Kays,Animal,Funk,2014-05-22 06:17:44,0,file:///Volumes/Seagate%20Thunderbolt%20Drive/Music/The%20Bar-Kays/Animal/03%20Stop!%20Look%20what%20you're%20missing.mp3
106802,Struck by you,The Bar-Kays,Animal,Funk,2014-06-04 04:41:26,0,file:///Volumes/Seagate%20Thunderbolt%20Drive/Music/The%20Bar-Kays/Animal/02%20Struck%20by%20you.mp3
106800,Animal,The Bar-Kays,Animal,Funk,2014-05-31 04:35:16,0,file:///Volumes/Seagate%20Thunderbolt%20Drive/Music/The%20Bar-Kays/Animal/01%20Animal.mp3
34252,Stop The Rain,Average White Band,<Unknown>,Funk,2014-06-06 14:15:40,0,file:///Volumes/Seagate%20Thunderbolt%20Drive/Music/Average%20White%20Band/_Unknown_/Stop%20The%20Rain.mp3
33294,You're A Star,Aquarian Dream,Mastercuts: Classic Jazz-Funk,Funk,2014-05-27 05:21:45,0,file:///Volumes/Seagate%20Thunderbolt%20Drive/Music/Aquarian%20Dream/Mastercuts_%20Classic%20Jazz-Funk/11%20You're%20A%20Star.mp3
106820,Boogie Body Land,The Bar-Kays,As One,Funk,2014-05-29 21:04:34,0,file:///Volumes/Seagate%20Thunderbolt%20Drive/Music/The%20Bar-Kays/As%20One/01%20Boogie%20Body%20Land.mp3
106908,Fighting Fire With Fire,The Bar-Kays,Cold Blooded LP,Funk,2014-05-30 01:38:42,0,file:///Volumes/Seagate%20Thunderbolt%20Drive/Music/The%20Bar-Kays/Cold%20Blooded%20LP/08%20Fighting%20Fire%20With%20Fire.mp3
106850,Gina,The Bar-Kays,Banging The Wall,Funk,2014-06-10 13:24:09,0,file:///Volumes/Seagate%20Thunderbolt%20Drive/Music/The%20Bar-Kays/Banging%20The%20Wall/08%20Gina.mp3
106852,Standing On The Outside (1977),The Bar-Kays,Best Of Bar-kays,Funk,2014-05-27 11:21:22,0,file:///Volumes/Seagate%20Thunderbolt%20Drive/Music/The%20Bar-Kays/Best%20Of%20Bar-kays/06%20Standing%20On%20The%20Outside%20(1977).mp3
106904,Frame Of Mind,The Bar-Kays,Cold Blooded LP,Funk,2014-06-10 11:02:57,0,file:///Volumes/Seagate%20Thunderbolt%20Drive/Music/The%20Bar-Kays/Cold%20Blooded%20LP/06%20Frame%20Of%20Mind.mp3
106902,"Smiling, Styling & Profiling",The Bar-Kays,Cold Blooded LP,2014-06-11 06:26:53,2014-08-26 01:59:59,0,"file:///Volumes/Seagate%20Thunderbolt%20Drive/Music/The%20Bar-Kays/Cold%20Blooded%20LP/05%20Smiling,%20Styling%20&%20Profiling.mp3"
106900,Waiting And Hating,The Bar-Kays,Cold Blooded LP,Funk,2014-06-16 11:14:51,0,file:///Volumes/Seagate%20Thunderbolt%20Drive/Music/The%20Bar-Kays/Cold%20Blooded%20LP/04%20Waiting%20And%20Hating.mp3
106898,In The Scheme Of Things,The Bar-Kays,Cold Blooded LP,Funk,2014-06-09 01:35:11,0,file:///Volumes/Seagate%20Thunderbolt%20Drive/Music/The%20Bar-Kays/Cold%20Blooded%20LP/03%20In%20The%20Scheme%20Of%20Things.mp3
106896,Harmony,The Bar-Kays,Cold Blooded LP,Funk,2014-06-03 14:36:24,0,file:///Volumes/Seagate%20Thunderbolt%20Drive/Music/The%20Bar-Kays/Cold%20Blooded%20LP/02%20Harmony.mp3
106894,Coldblooded,The Bar-Kays,Cold Blooded LP,Funk,2014-06-08 06:29:10,0,file:///Volumes/Seagate%20Thunderbolt%20Drive/Music/The%20Bar-Kays/Cold%20Blooded%20LP/01%20Coldblooded.mp3
106892,Montego Bay,The Bar-Kays,Black Rock / Gotta Groove,Funk,2014-05-26 14:50:07,0,file:///Volumes/Seagate%20Thunderbolt%20Drive/Music/The%20Bar-Kays/Black%20Rock%20_%20Gotta%20Groove/19%20Montego%20Bay.mp3
106890,How Sweet It Would Be,The Bar-Kays,Black Rock / Gotta Groove,Funk,2014-05-22 14:52:25,0,file:///Volumes/Seagate%20Thunderbolt%20Drive/Music/The%20Bar-Kays/Black%20Rock%20_%20Gotta%20Groove/18%20How%20Sweet%20It%20Would%20Be.mp3
106888,Six O'Clock News Report,The Bar-Kays,Black Rock / Gotta Groove,Funk,2014-06-05 11:59:20,0,file:///Volumes/Seagate%20Thunderbolt%20Drive/Music/The%20Bar-Kays/Black%20Rock%20_%20Gotta%20Groove/17%20Six%20O'Clock%20News%20Report.mp3
106886,A Piece Of Your Peace,The Bar-Kays,Black Rock / Gotta Groove,Funk,2014-06-08 14:00:27,0,file:///Volumes/Seagate%20Thunderbolt%20Drive/Music/The%20Bar-Kays/Black%20Rock%20_%20Gotta%20Groove/16%20A%20Piece%20Of%20Your%20Peace.mp3
106884,Dance To The Music,The Bar-Kays,Black Rock / Gotta Groove,Funk,2014-06-15 22:01:39,0,file:///Volumes/Seagate%20Thunderbolt%20Drive/Music/The%20Bar-Kays/Black%20Rock%20_%20Gotta%20Groove/15%20Dance%20To%20The%20Music.mp3
106882,You Don't Know Like I Know,The Bar-Kays,Black Rock / Gotta Groove,Funk,2014-06-02 09:23:43,0,file:///Volumes/Seagate%20Thunderbolt%20Drive/Music/The%20Bar-Kays/Black%20Rock%20_%20Gotta%20Groove/14%20You%20Don't%20Know%20Like%20I%20Know.mp3
107076,Attitudes,The Bar-Kays,The Best of Bar-Kays,Funk,2014-05-31 22:45:33,0,file:///Volumes/Seagate%20Thunderbolt%20Drive/Music/The%20Bar-Kays/The%20Best%20of%20Bar-Kays/04%20Attitudes.mp3
106880,I've Been Trying,The Bar-Kays,Black Rock / Gotta Groove,Funk,2014-06-17 15:48:41,0,file:///Volumes/Seagate%20Thunderbolt%20Drive/Music/The%20Bar-Kays/Black%20Rock%20_%20Gotta%20Groove/13%20I've%20Been%20Trying.mp3
106876,Hey Jude,The Bar-Kays,Black Rock / Gotta Groove,Funk,2014-06-14 19:55:02,0,file:///Volumes/Seagate%20Thunderbolt%20Drive/Music/The%20Bar-Kays/Black%20Rock%20_%20Gotta%20Groove/11%20Hey%20Jude.mp3
106874,Humpin',The Bar-Kays,Black Rock / Gotta Groove,Funk,2014-05-23 23:46:43,0,file:///Volumes/Seagate%20Thunderbolt%20Drive/Music/The%20Bar-Kays/Black%20Rock%20_%20Gotta%20Groove/10%20Humpin'.mp3
106872,Yesterday,The Bar-Kays,Black Rock / Gotta Groove,Funk,2014-05-20 08:49:15,0,file:///Volumes/Seagate%20Thunderbolt%20Drive/Music/The%20Bar-Kays/Black%20Rock%20_%20Gotta%20Groove/09%20Yesterday.mp3
106870,Street Walker,The Bar-Kays,Black Rock / Gotta Groove,Funk,2014-06-12 00:12:11,0,file:///Volumes/Seagate%20Thunderbolt%20Drive/Music/The%20Bar-Kays/Black%20Rock%20_%20Gotta%20Groove/08%20Street%20Walker.mp3
106868,Don't Stop Dancing (To This Music) Part 2,The Bar-Kays,Black Rock / Gotta Groove,Funk,2014-05-28 16:50:43,0,file:///Volumes/Seagate%20Thunderbolt%20Drive/Music/The%20Bar-Kays/Black%20Rock%20_%20Gotta%20Groove/07%20Don't%20Stop%20Dancing%20(To%20This%20Music)%20Part%202.mp3
106866,Grab This Thing,The Bar-Kays,Black Rock / Gotta Groove,Funk,2014-06-18 10:07:34,0,file:///Volumes/Seagate%20Thunderbolt%20Drive/Music/The%20Bar-Kays/Black%20Rock%20_%20Gotta%20Groove/06%20Grab%20This%20Thing.mp3
106864,Jiving 'Round,The Bar-Kays,Black Rock / Gotta Groove,Funk,2014-06-02 22:36:04,0,file:///Volumes/Seagate%20Thunderbolt%20Drive/Music/The%20Bar-Kays/Black%20Rock%20_%20Gotta%20Groove/05%20Jiving%20'Round.mp3
106862,Funky Thang,The Bar-Kays,Black Rock / Gotta Groove,Funk,2014-06-08 04:19:44,0,file:///Volumes/Seagate%20Thunderbolt%20Drive/Music/The%20Bar-Kays/Black%20Rock%20_%20Gotta%20Groove/04%20Funky%20Thang.mp3
106860,In The Hole,The Bar-Kays,Black Rock / Gotta Groove,Funk,2014-06-13 11:23:16,0,file:///Volumes/Seagate%20Thunderbolt%20Drive/Music/The%20Bar-Kays/Black%20Rock%20_%20Gotta%20Groove/03%20In%20The%20Hole.mp3
106858,If This World Was Mine,The Bar-Kays,Black Rock / Gotta Groove,Funk,2014-06-15 07:56:42,0,file:///Volumes/Seagate%20Thunderbolt%20Drive/Music/The%20Bar-Kays/Black%20Rock%20_%20Gotta%20Groove/02%20If%20This%20World%20Was%20Mine.mp3
106856,Don't Stop Dancing (To This Music) Part 1,The Bar-Kays,Black Rock / Gotta Groove,Funk,2014-05-30 06:45:12,0,file:///Volumes/Seagate%20Thunderbolt%20Drive/Music/The%20Bar-Kays/Black%20Rock%20_%20Gotta%20Groove/01%20Don't%20Stop%20Dancing%20(To%20This%20Music)%20Part%201.mp3
106854,I'll Dance (1978),The Bar-Kays,Best Of Bar-kays,Funk,2014-06-03 04:32:58,0,file:///Volumes/Seagate%20Thunderbolt%20Drive/Music/The%20Bar-Kays/Best%20Of%20Bar-kays/08%20I'll%20Dance%20(1978).mp3
106878,Baby I Love You,The Bar-Kays,Black Rock / Gotta Groove,Funk,2014-06-16 11:43:57,0,file:///Volumes/Seagate%20Thunderbolt%20Drive/Music/The%20Bar-Kays/Black%20Rock%20_%20Gotta%20Groove/12%20Baby%20I%20Love%20You.mp3
107028,Freaky Behaviour,The Bar-Kays,Nightcruising,Funk,2014-06-06 04:16:37,0,file:///Volumes/Seagate%20Thunderbolt%20Drive/Music/The%20Bar-Kays/Nightcruising/04%20Freaky%20Behaviour.mp3
107026,Feel Like Im Fall In Love,The Bar-Kays,Nightcruising,Funk,2014-06-04 03:00:36,0,file:///Volumes/Seagate%20Thunderbolt%20Drive/Music/The%20Bar-Kays/Nightcruising/03%20Feel%20Like%20Im%20Fall%20In%20Love.mp3
107032,Unforgettable Dream,The Bar-Kays,Nightcruising,Funk,2014-06-04 06:56:36,0,file:///Volumes/Seagate%20Thunderbolt%20Drive/Music/The%20Bar-Kays/Nightcruising/06%20Unforgettable%20Dream.mp3
78166,Promise You'll Stay,L.T.D.,Devotion,Funk,2014-05-23 12:40:54,0,file:///Volumes/Seagate%20Thunderbolt%20Drive/Music/L.T.D_/Devotion/07%20Promise%20You'll%20Stay.mp3
78164,Sometimes,L.T.D.,Devotion,Funk,2014-06-11 11:49:41,0,file:///Volumes/Seagate%20Thunderbolt%20Drive/Music/L.T.D_/Devotion/06%20Sometimes.mp3
78162,Danc 'n' Sing 'n',L.T.D.,Devotion,Funk,2014-06-07 13:48:38,0,file:///Volumes/Seagate%20Thunderbolt%20Drive/Music/L.T.D_/Devotion/05%20Danc%20'n'%20Sing%20'n'.mp3
78160,Say That You'll Be Mine,L.T.D.,Devotion,Funk,2014-06-11 10:15:03,0,file:///Volumes/Seagate%20Thunderbolt%20Drive/Music/L.T.D_/Devotion/04%20Say%20That%20You'll%20Be%20Mine.mp3
78158,Stand Up,L.T.D.,Devotion,Funk,2014-05-25 16:05:11,0,file:///Volumes/Seagate%20Thunderbolt%20Drive/Music/L.T.D_/Devotion/03%20Stand%20Up.mp3
78156,One On One,L.T.D.,Devotion,Funk,2014-06-09 21:50:37,0,file:///Volumes/Seagate%20Thunderbolt%20Drive/Music/L.T.D_/Devotion/01%20One%20On%20One.mp3
71582,Opening,Johnny Pate,<Unknown>,Funk,2014-06-13 04:58:22,0,file:///Volumes/Seagate%20Thunderbolt%20Drive/Music/Johnny%20Pate/_Unknown_/22%20Opening.mp3
70346,Cave Man (Troglodyte),Jimmy Castor ,RCA: The 1st Note in Black Music - Disc 3,Funk,2014-05-25 23:10:49,0,file:///Volumes/Seagate%20Thunderbolt%20Drive/Music/Jimmy%20Castor/RCA_%20The%201st%20Note%20in%20Black%20Music%20-%20Disc%203/10%20Cave%20Man%20(Troglodyte).mp3
66244,I got my mind made up - 5A,Instant Funk ,,Funk,2014-05-26 17:08:29,0,file:///Volumes/Seagate%20Thunderbolt%20Drive/Music/Instant%20Funk/Unknown%20Album/I%20got%20my%20mind%20made%20up%20-%205A.mp3
65778,Could Heaven Ever Be Like this,Idris Muhammad,Mastercuts: Classic Jazz-Funk,Funk,2014-05-30 09:43:59,0,file:///Volumes/Seagate%20Thunderbolt%20Drive/Music/Idris%20Muhammad/Mastercuts_%20Classic%20Jazz-Funk/01%20Could%20Heaven%20Ever%20Be%20Like%20this.mp3
109008,Oops Up Side Your Head - 9A,The Gap Band,"The 12"" Collection And More",Funk,2014-05-30 19:44:46,0,file:///Volumes/Seagate%20Thunderbolt%20Drive/Music/The%20Gap%20Band/The%2012_%20Collection%20And%20More/01%20Oops%20Up%20Side%20Your%20Head%20-%209A.mp3
62340,I'm Gonna Git You Sucka,Gap Band,Straight From The Heart,Funk,2014-06-13 01:38:30,0,file:///Volumes/Seagate%20Thunderbolt%20Drive/Music/Gap%20Band/Straight%20From%20The%20Heart/I'm%20Gonna%20Git%20You%20Sucka.mp3
109038,Listen To The Music,The Gap Band,The Gap Band VI - Strike a Groove - 1983,Funk,2014-06-03 08:17:58,0,file:///Volumes/Seagate%20Thunderbolt%20Drive/Music/The%20Gap%20Band/The%20Gap%20Band%20VI%20-%20Strike%20a%20Groove%20-%201983/04%20Listen%20To%20The%20Music.mp3
61448,One Nation Under A Groove - 9A/10A,Funkadelic,One Nation Under A Groove,Funk,2014-06-07 20:35:43,0,file:///Volumes/Seagate%20Thunderbolt%20Drive/Music/Funkadelic/One%20Nation%20Under%20A%20Groove/01%20One%20Nation%20Under%20A%20Groove%20-%209A_10A.mp3
61444,KNEE DEEP - 4A/5A,Funkadelic,Comunidade Freestyle Music B.H,Funk,2014-06-07 19:06:31,0,file:///Volumes/Seagate%20Thunderbolt%20Drive/Music/Funkadelic/Comunidade%20Freestyle%20Music%20B.H/02%20KNEE%20DEEP%20-%204A_5A.mp3
60690,apostrophe,Frank Zappa,<Unknown>,Funk,2014-05-28 20:21:30,0,file:///Volumes/Seagate%20Thunderbolt%20Drive/Music/Frank%20Zappa/_Unknown_/apostrophe.mp3
58074,Tiny Sticks,ESG,A South Bronx Story,Funk,2014-06-17 19:25:29,0,file:///Volumes/Seagate%20Thunderbolt%20Drive/Music/ESG/A%20South%20Bronx%20Story/06%20Tiny%20Sticks.mp3
48366,Future Shock,Curtis Mayfield & The Impressi,,Funk,2014-06-06 15:32:10,0,file:///Volumes/Seagate%20Thunderbolt%20Drive/Music/Curtis%20Mayfield%20&%20The%20Impressi/Unknown%20Album/Future%20Shock.mp3
29812,Tumba Rhumba (7' single B-side,A Certain Ratio,<Unknown>,Funk,2014-06-16 19:23:52,0,file:///Volumes/Seagate%20Thunderbolt%20Drive/Music/A%20Certain%20Ratio/_Unknown_/10%20Tumba%20Rhumba%20(7'%20single%20B-side.mp3
43798,Wonder Worm (long Ver) {captai,Captain Sky,The Adventures Of Captain Sky,Funk,2014-06-18 16:40:55,0,file:///Volumes/Seagate%20Thunderbolt%20Drive/Music/Captain%20Sky/The%20Adventures%20Of%20Captain%20Sky/Wonder%20Worm%20(long%20Ver)%20%7Bcaptai.mp3
43584,She's Strange - 4A,Cameo,Keep It Hot [Bonus Tracks],Funk,2014-05-29 02:08:35,0,file:///Volumes/Seagate%20Thunderbolt%20Drive/Music/Cameo/Keep%20It%20Hot%20%5BBonus%20Tracks%5D/03%20She's%20Strange%20-%204A.mp3
43612,It's Over,Cameo,The Best Of Cameo,Funk,2014-05-25 22:39:53,0,file:///Volumes/Seagate%20Thunderbolt%20Drive/Music/Cameo/The%20Best%20Of%20Cameo/14%20It's%20Over.mp3
43610,Skin I'm In,Cameo,The Best Of Cameo,Funk,2014-06-01 02:01:54,0,file:///Volumes/Seagate%20Thunderbolt%20Drive/Music/Cameo/The%20Best%20Of%20Cameo/13%20Skin%20I'm%20In.mp3
43608,I Just Want To Be - 2A,Cameo,The Best Of Cameo,Funk,2014-06-18 17:23:19,0,file:///Volumes/Seagate%20Thunderbolt%20Drive/Music/Cameo/The%20Best%20Of%20Cameo/12%20I%20Just%20Want%20To%20Be%20-%202A.mp3
43606,"She's Strange (12"" Rap Version)",Cameo,The Best Of Cameo,Funk,2014-05-21 22:52:14,0,file:///Volumes/Seagate%20Thunderbolt%20Drive/Music/Cameo/The%20Best%20Of%20Cameo/11%20She's%20Strange%20(12_%20Rap%20Version).mp3
78168,Feel It,L.T.D.,Devotion,Funk,2014-06-15 19:08:21,0,file:///Volumes/Seagate%20Thunderbolt%20Drive/Music/L.T.D_/Devotion/09%20Feel%20It.mp3
78170,For You,L.T.D.,For You,Funk,2014-06-14 22:38:34,0,file:///Volumes/Seagate%20Thunderbolt%20Drive/Music/L.T.D_/For%20You/01%20For%20You.mp3
78172,Stop on By,L.T.D.,For You,Funk,2014-05-24 01:52:02,0,file:///Volumes/Seagate%20Thunderbolt%20Drive/Music/L.T.D_/For%20You/02%20Stop%20on%20By.mp3
78174,Is It Over,L.T.D.,For You,Funk,2014-06-03 00:37:36,0,file:///Volumes/Seagate%20Thunderbolt%20Drive/Music/L.T.D_/For%20You/03%20Is%20It%20Over.mp3
78150,Holding On (When Love Is Gone),L.T.D., Greatest Hits,Funk,2014-06-06 13:30:46,0,file:///Volumes/Seagate%20Thunderbolt%20Drive/Music/L.T.D_/_Greatest%20Hits/12%20Holding%20On%20(When%20Love%20Is%20Gone).mp3
78148,Love To The World,L.T.D., Greatest Hits,Funk,2014-05-22 11:07:10,0,file:///Volumes/Seagate%20Thunderbolt%20Drive/Music/L.T.D_/_Greatest%20Hits/11%20Love%20To%20The%20World.mp3
78146,We Party Hearty,L.T.D., Greatest Hits,Funk,2014-05-21 00:17:16,0,file:///Volumes/Seagate%20Thunderbolt%20Drive/Music/L.T.D_/_Greatest%20Hits/10%20We%20Party%20Hearty.mp3
78144,Dance N' Sing N',L.T.D., Greatest Hits,Funk,2014-05-27 01:26:37,0,file:///Volumes/Seagate%20Thunderbolt%20Drive/Music/L.T.D_/_Greatest%20Hits/08%20Dance%20N'%20Sing%20N'.mp3
78142,(Every Time I Turn Around) Back In Love Again,L.T.D., Greatest Hits,Funk,2014-06-12 17:56:15,0,file:///Volumes/Seagate%20Thunderbolt%20Drive/Music/L.T.D_/_Greatest%20Hits/07%20(Every%20Time%20I%20Turn%20Around)%20Back%20In%20Love%20Again.mp3
78140,"Make Someone Smile, Today!",L.T.D., Greatest Hits,2014-06-12 05:12:56,2014-08-26 01:59:59,0,"file:///Volumes/Seagate%20Thunderbolt%20Drive/Music/L.T.D_/_Greatest%20Hits/06%20Make%20Someone%20Smile,%20Today!.mp3"
78138,Stranger,L.T.D., Greatest Hits,Funk,2014-06-06 03:19:25,0,file:///Volumes/Seagate%20Thunderbolt%20Drive/Music/L.T.D_/_Greatest%20Hits/05%20Stranger.mp3
78136,Love Ballad,L.T.D., Greatest Hits,Funk,2014-06-14 23:55:01,0,file:///Volumes/Seagate%20Thunderbolt%20Drive/Music/L.T.D_/_Greatest%20Hits/04%20Love%20Ballad.mp3
78134,Share My Love,L.T.D., Greatest Hits,Funk,2014-06-17 00:51:58,0,file:///Volumes/Seagate%20Thunderbolt%20Drive/Music/L.T.D_/_Greatest%20Hits/03%20Share%20My%20Love.mp3
78132,(Won't Cha) Stay With Me,L.T.D., Greatest Hits,Funk,2014-06-10 12:22:48,0,file:///Volumes/Seagate%20Thunderbolt%20Drive/Music/L.T.D_/_Greatest%20Hits/02%20(Won't%20Cha)%20Stay%20With%20Me.mp3
78130,Where Did We Go Wrong,L.T.D., Greatest Hits,Funk,2014-06-15 08:50:39,0,file:///Volumes/Seagate%20Thunderbolt%20Drive/Music/L.T.D_/_Greatest%20Hits/01%20Where%20Did%20We%20Go%20Wrong.mp3
78204,You Can Be Free,L.T.D.,Gittin' Down,Funk,2014-06-04 14:58:46,0,file:///Volumes/Seagate%20Thunderbolt%20Drive/Music/L.T.D_/Gittin'%20Down/11%20You%20Can%20Be%20Free.mp3
107030,Touch Tone,The Bar-Kays,Nightcruising,Funk,2014-06-12 23:15:58,0,file:///Volumes/Seagate%20Thunderbolt%20Drive/Music/The%20Bar-Kays/Nightcruising/05%20Touch%20Tone.mp3
78202,Sweet Thang,L.T.D.,Gittin' Down,Funk,2014-06-18 00:07:07,0,file:///Volumes/Seagate%20Thunderbolt%20Drive/Music/L.T.D_/Gittin'%20Down/10%20Sweet%20Thang.mp3
78198,Look In My Eyes,L.T.D.,Gittin' Down,Funk,2014-06-15 00:25:38,0,file:///Volumes/Seagate%20Thunderbolt%20Drive/Music/L.T.D_/Gittin'%20Down/08%20Look%20In%20My%20Eyes.mp3
78196,It's You,L.T.D.,Gittin' Down,Funk,2014-05-31 10:32:26,0,file:///Volumes/Seagate%20Thunderbolt%20Drive/Music/L.T.D_/Gittin'%20Down/07%20It's%20You.mp3
78194,Ain't No Way,L.T.D.,Gittin' Down,Funk,2014-05-20 23:21:50,0,file:///Volumes/Seagate%20Thunderbolt%20Drive/Music/L.T.D_/Gittin'%20Down/06%20Ain't%20No%20Way.mp3
78192,Tryin' To Find A Way,L.T.D.,Gittin' Down,Funk,2014-05-20 13:38:35,0,file:///Volumes/Seagate%20Thunderbolt%20Drive/Music/L.T.D_/Gittin'%20Down/05%20Tryin'%20To%20Find%20A%20Way.mp3
78190,Eldorado Joe,L.T.D.,Gittin' Down,Funk,2014-06-06 15:21:53,0,file:///Volumes/Seagate%20Thunderbolt%20Drive/Music/L.T.D_/Gittin'%20Down/04%20Eldorado%20Joe.mp3
78188,Your Love Is The Answer,L.T.D.,Gittin' Down,Funk,2014-05-22 06:41:33,0,file:///Volumes/Seagate%20Thunderbolt%20Drive/Music/L.T.D_/Gittin'%20Down/03%20Your%20Love%20Is%20The%20Answer.mp3
78186,Groove For A Little While,L.T.D.,Gittin' Down,Funk,2014-06-14 03:20:25,0,file:///Volumes/Seagate%20Thunderbolt%20Drive/Music/L.T.D_/Gittin'%20Down/02%20Groove%20For%20A%20Little%20While.mp3
78184,Don't Lose Your Cool,L.T.D.,Gittin' Down,Funk,2014-06-10 19:17:56,0,file:///Volumes/Seagate%20Thunderbolt%20Drive/Music/L.T.D_/Gittin'%20Down/01%20Don't%20Lose%20Your%20Cool.mp3
78182,Watcha Gonna Do,L.T.D.,For You,Funk,2014-06-10 03:03:51,0,file:///Volumes/Seagate%20Thunderbolt%20Drive/Music/L.T.D_/For%20You/07%20Watcha%20Gonna%20Do.mp3
78180,Caught in the Middle of Goodbye,L.T.D.,For You,Funk,2014-06-15 21:55:00,0,file:///Volumes/Seagate%20Thunderbolt%20Drive/Music/L.T.D_/For%20You/06%20Caught%20in%20the%20Middle%20of%20Goodbye.mp3
78178,Slick,L.T.D.,For You,Funk,2014-05-28 01:54:51,0,file:///Volumes/Seagate%20Thunderbolt%20Drive/Music/L.T.D_/For%20You/05%20Slick.mp3
78176,Steppin' Out (Wid Ma Baby),L.T.D.,For You,Funk,2014-06-16 09:55:54,0,file:///Volumes/Seagate%20Thunderbolt%20Drive/Music/L.T.D_/For%20You/04%20Steppin'%20Out%20(Wid%20Ma%20Baby).mp3
78200,Churn Baby Churn,L.T.D.,Gittin' Down,Funk,2014-05-23 11:34:52,0,file:///Volumes/Seagate%20Thunderbolt%20Drive/Music/L.T.D_/Gittin'%20Down/09%20Churn%20Baby%20Churn.mp3
43602,Back And Forth (Single Version),Cameo,The Best Of Cameo,Funk,2014-06-07 11:46:07,0,file:///Volumes/Seagate%20Thunderbolt%20Drive/Music/Cameo/The%20Best%20Of%20Cameo/09%20Back%20And%20Forth%20(Single%20Version).mp3
43604,Flirt,Cameo,The Best Of Cameo,Funk,2014-06-17 09:18:14,0,file:///Volumes/Seagate%20Thunderbolt%20Drive/Music/Cameo/The%20Best%20Of%20Cameo/10%20Flirt.mp3
43598,Talkin' Out The Side Of Your Neck,Cameo,The Best Of Cameo,Funk,2014-06-17 08:52:04,0,file:///Volumes/Seagate%20Thunderbolt%20Drive/Music/Cameo/The%20Best%20Of%20Cameo/07%20Talkin'%20Out%20The%20Side%20Of%20Your%20Neck.mp3
43600,Sparkle,Cameo,The Best Of Cameo,Funk,2014-05-21 13:15:26,0,file:///Volumes/Seagate%20Thunderbolt%20Drive/Music/Cameo/The%20Best%20Of%20Cameo/08%20Sparkle.mp3
107084,Spellbound,The Bar-Kays,Too Hot To Stop,Funk,2014-06-18 05:39:24,0,file:///Volumes/Seagate%20Thunderbolt%20Drive/Music/The%20Bar-Kays/Too%20Hot%20To%20Stop/04%20Spellbound.mp3
107082,"Bang, Bang",The Bar-Kays,Too Hot To Stop,2014-06-19 02:24:55,2014-08-26 01:59:59,0,"file:///Volumes/Seagate%20Thunderbolt%20Drive/Music/The%20Bar-Kays/Too%20Hot%20To%20Stop/03%20Bang,%20Bang.mp3"
107080,Cozy,The Bar-Kays,Too Hot To Stop,Funk,2014-06-16 08:43:02,0,file:///Volumes/Seagate%20Thunderbolt%20Drive/Music/The%20Bar-Kays/Too%20Hot%20To%20Stop/02%20Cozy.mp3
107078,Too Hot To Stop,The Bar-Kays,Too Hot To Stop,Funk,2014-06-13 22:06:03,0,file:///Volumes/Seagate%20Thunderbolt%20Drive/Music/The%20Bar-Kays/Too%20Hot%20To%20Stop/01%20Too%20Hot%20To%20Stop.mp3
107074,Don't Do that,The Bar-Kays,Soul Finger,Funk,2014-06-03 10:50:16,0,file:///Volumes/Seagate%20Thunderbolt%20Drive/Music/The%20Bar-Kays/Soul%20Finger/11%20Don't%20Do%20that.mp3
107072,Hole in the Wall,The Bar-Kays,Soul Finger,Funk,2014-06-05 09:04:05,0,file:///Volumes/Seagate%20Thunderbolt%20Drive/Music/The%20Bar-Kays/Soul%20Finger/10%20Hole%20in%20the%20Wall.mp3
107070,I Want Someone,The Bar-Kays,Soul Finger,Funk,2014-06-01 20:54:14,0,file:///Volumes/Seagate%20Thunderbolt%20Drive/Music/The%20Bar-Kays/Soul%20Finger/09%20I%20Want%20Someone.mp3
107068,Pearl High,The Bar-Kays,Soul Finger,Funk,2014-06-02 08:50:47,0,file:///Volumes/Seagate%20Thunderbolt%20Drive/Music/The%20Bar-Kays/Soul%20Finger/08%20Pearl%20High.mp3
107066,House Shoes,The Bar-Kays,Soul Finger,Funk,2014-06-10 11:25:37,0,file:///Volumes/Seagate%20Thunderbolt%20Drive/Music/The%20Bar-Kays/Soul%20Finger/07%20House%20Shoes.mp3
107064,You Can't Sit Down,The Bar-Kays,Soul Finger,Funk,2014-06-13 17:05:48,0,file:///Volumes/Seagate%20Thunderbolt%20Drive/Music/The%20Bar-Kays/Soul%20Finger/06%20You%20Can't%20Sit%20Down.mp3
107062,Theme from Hell's Angels,The Bar-Kays,Soul Finger,Funk,2014-06-11 03:37:52,0,file:///Volumes/Seagate%20Thunderbolt%20Drive/Music/The%20Bar-Kays/Soul%20Finger/05%20Theme%20from%20Hell's%20Angels.mp3
107088,You're So Sexy,The Bar-Kays,Too Hot To Stop,Funk,2014-05-31 18:57:07,0,file:///Volumes/Seagate%20Thunderbolt%20Drive/Music/The%20Bar-Kays/Too%20Hot%20To%20Stop/06%20You're%20So%20Sexy.mp3
107060,Bar-Kay's Boogaloo,The Bar-Kays,Soul Finger,Funk,2014-06-05 18:39:15,0,file:///Volumes/Seagate%20Thunderbolt%20Drive/Music/The%20Bar-Kays/Soul%20Finger/04%20Bar-Kay's%20Boogaloo.mp3
107056,Knucklehead,The Bar-Kays,Soul Finger,Funk,2014-06-04 09:10:00,0,file:///Volumes/Seagate%20Thunderbolt%20Drive/Music/The%20Bar-Kays/Soul%20Finger/02%20Knucklehead.mp3
107054,Soul Finger,The Bar-Kays,Soul Finger,Funk,2014-05-24 23:21:49,0,file:///Volumes/Seagate%20Thunderbolt%20Drive/Music/The%20Bar-Kays/Soul%20Finger/01%20Soul%20Finger.mp3
107052,You Made A Change In My Life,The Bar-Kays,Propositions,Funk,2014-06-07 01:02:12,0,file:///Volumes/Seagate%20Thunderbolt%20Drive/Music/The%20Bar-Kays/Propositions/08%20You%20Made%20A%20Change%20In%20My%20Life.mp3
107050,I Can't Believe You're Leaving Me,The Bar-Kays,Propositions,Funk,2014-05-27 08:39:50,0,file:///Volumes/Seagate%20Thunderbolt%20Drive/Music/The%20Bar-Kays/Propositions/07%20I%20Can't%20Believe%20You're%20Leaving%20Me.mp3
107048,She Talks To Me With Her Body,The Bar-Kays,Propositions,Funk,2014-05-30 10:33:53,0,file:///Volumes/Seagate%20Thunderbolt%20Drive/Music/The%20Bar-Kays/Propositions/06%20She%20Talks%20To%20Me%20With%20Her%20Body.mp3
107046,Do It (Let Me See You Shake),The Bar-Kays,Propositions,Funk,2014-06-12 17:54:34,0,file:///Volumes/Seagate%20Thunderbolt%20Drive/Music/The%20Bar-Kays/Propositions/05%20Do%20It%20(Let%20Me%20See%20You%20Shake).mp3
107044,(Busted),The Bar-Kays,Propositions,Funk,2014-06-04 00:26:54,0,file:///Volumes/Seagate%20Thunderbolt%20Drive/Music/The%20Bar-Kays/Propositions/04%20(Busted).mp3
107042,Anticipation,The Bar-Kays,Propositions,Funk,2014-06-05 10:23:30,0,file:///Volumes/Seagate%20Thunderbolt%20Drive/Music/The%20Bar-Kays/Propositions/03%20Anticipation.mp3
107040,Tripping Out,The Bar-Kays,Propositions,Funk,2014-06-01 17:15:07,0,file:///Volumes/Seagate%20Thunderbolt%20Drive/Music/The%20Bar-Kays/Propositions/02%20Tripping%20Out.mp3
107038,Propositions,The Bar-Kays,Propositions,Funk,2014-06-17 18:05:26,0,file:///Volumes/Seagate%20Thunderbolt%20Drive/Music/The%20Bar-Kays/Propositions/01%20Propositions.mp3
107036,Backseat Driver,The Bar-Kays,Nightcruising,Funk,2014-06-09 02:29:36,0,file:///Volumes/Seagate%20Thunderbolt%20Drive/Music/The%20Bar-Kays/Nightcruising/08%20Backseat%20Driver.mp3
107034,Traffic Jammer,The Bar-Kays,Nightcruising,Funk,2014-05-29 22:52:54,0,file:///Volumes/Seagate%20Thunderbolt%20Drive/Music/The%20Bar-Kays/Nightcruising/07%20Traffic%20Jammer.mp3
107058,with A Child's Heart,The Bar-Kays,Soul Finger,Funk,2014-06-06 02:44:54,0,file:///Volumes/Seagate%20Thunderbolt%20Drive/Music/The%20Bar-Kays/Soul%20Finger/03%20with%20A%20Child's%20Heart.mp3
107090,Summer Of Our Love,The Bar-Kays,Too Hot To Stop,Funk,2014-05-20 20:44:04,0,file:///Volumes/Seagate%20Thunderbolt%20Drive/Music/The%20Bar-Kays/Too%20Hot%20To%20Stop/07%20Summer%20Of%20Our%20Love.mp3
107086,Shake Your Rump To The Funk,The Bar-Kays,Too Hot To Stop,Funk,2014-06-07 17:57:41,0,file:///Volumes/Seagate%20Thunderbolt%20Drive/Music/The%20Bar-Kays/Too%20Hot%20To%20Stop/05%20Shake%20Your%20Rump%20To%20The%20Funk.mp3
107100,You Dropped The Bomb On Me ,The Bar-Kays,,Funk,2014-06-09 08:58:03,0,file:///Volumes/Seagate%20Thunderbolt%20Drive/Music/The%20Bar-Kays/Unknown%20Album/You%20Dropped%20The%20Bomb%20On%20Me.mp3
43596,Attack Me With Your Love,Cameo,The Best Of Cameo,Funk,2014-06-03 20:26:08,0,file:///Volumes/Seagate%20Thunderbolt%20Drive/Music/Cameo/The%20Best%20Of%20Cameo/06%20Attack%20Me%20With%20Your%20Love.mp3
43594,Rigor Mortis,Cameo,The Best Of Cameo,Funk,2014-06-06 05:12:43,0,file:///Volumes/Seagate%20Thunderbolt%20Drive/Music/Cameo/The%20Best%20Of%20Cameo/05%20Rigor%20Mortis.mp3
43592,Shake Your Pants,Cameo,The Best Of Cameo,Funk,2014-06-11 17:09:44,0,file:///Volumes/Seagate%20Thunderbolt%20Drive/Music/Cameo/The%20Best%20Of%20Cameo/04%20Shake%20Your%20Pants.mp3
43590,Candy,Cameo,The Best Of Cameo,Funk,2014-06-15 23:53:20,0,file:///Volumes/Seagate%20Thunderbolt%20Drive/Music/Cameo/The%20Best%20Of%20Cameo/03%20Candy.mp3
43588,Single Life,Cameo,The Best Of Cameo,Funk,2014-06-15 22:54:04,0,file:///Volumes/Seagate%20Thunderbolt%20Drive/Music/Cameo/The%20Best%20Of%20Cameo/02%20Single%20Life.mp3
43586,Word Up,Cameo,The Best Of Cameo,Funk,2014-06-10 04:40:09,0,file:///Volumes/Seagate%20Thunderbolt%20Drive/Music/Cameo/The%20Best%20Of%20Cameo/01%20Word%20Up.mp3
41456,You Don't Need A Dance! (Funks,Breakestra,You Don't Need A Dance! (12 In,Funk,2014-05-28 06:17:17,0,file:///Volumes/Seagate%20Thunderbolt%20Drive/Music/Breakestra/You%20Don't%20Need%20A%20Dance!%20(12%20In/You%20Don't%20Need%20A%20Dance!%20(Funks.mp3
40732,"Psychoticbumpschool ""Live""",Bootsy Collins,Back in the Day: The Best of Bootsy,Funk,2014-06-04 11:50:37,0,file:///Volumes/Seagate%20Thunderbolt%20Drive/Music/Bootsy%20Collins/Back%20in%20the%20Day_%20The%20Best%20of%20Bootsy/14%20Psychoticbumpschool%20_Live_.mp3
40730,Vanish In Our Sleep,Bootsy Collins,Back in the Day: The Best of Bootsy,Funk,2014-06-09 22:50:09,0,file:///Volumes/Seagate%20Thunderbolt%20Drive/Music/Bootsy%20Collins/Back%20in%20the%20Day_%20The%20Best%20of%20Bootsy/13%20Vanish%20In%20Our%20Sleep.mp3
40728,Scenery,Bootsy Collins,Back in the Day: The Best of Bootsy,Funk,2014-06-13 06:11:59,0,file:///Volumes/Seagate%20Thunderbolt%20Drive/Music/Bootsy%20Collins/Back%20in%20the%20Day_%20The%20Best%20of%20Bootsy/12%20Scenery.mp3
107092,Whitehouseorgy,The Bar-Kays,Too Hot To Stop,Funk,2014-06-17 14:59:11,0,file:///Volumes/Seagate%20Thunderbolt%20Drive/Music/The%20Bar-Kays/Too%20Hot%20To%20Stop/08%20Whitehouseorgy.mp3
40724,Mug Push,Bootsy Collins,Back in the Day: The Best of Bootsy,Funk,2014-06-13 07:24:03,0,file:///Volumes/Seagate%20Thunderbolt%20Drive/Music/Bootsy%20Collins/Back%20in%20the%20Day_%20The%20Best%20of%20Bootsy/10%20Mug%20Push.mp3
40722,Jam Fan (Hot),Bootsy Collins,Back in the Day: The Best of Bootsy,Funk,2014-06-19 02:33:34,0,file:///Volumes/Seagate%20Thunderbolt%20Drive/Music/Bootsy%20Collins/Back%20in%20the%20Day_%20The%20Best%20of%20Bootsy/09%20Jam%20Fan%20(Hot).mp3
40726,Body Slam,Bootsy Collins,Back in the Day: The Best of Bootsy,Funk,2014-05-21 05:41:11,0,file:///Volumes/Seagate%20Thunderbolt%20Drive/Music/Bootsy%20Collins/Back%20in%20the%20Day_%20The%20Best%20of%20Bootsy/11%20Body%20Slam.mp3
40718,What So Never The Dance,Bootsy Collins,Back in the Day: The Best of Bootsy,Funk,2014-06-15 22:20:51,0,file:///Volumes/Seagate%20Thunderbolt%20Drive/Music/Bootsy%20Collins/Back%20in%20the%20Day_%20The%20Best%20of%20Bootsy/07%20What%20So%20Never%20The%20Dance.mp3
107098,09 - The Bar-Kays - Flying High On Your Love,The Bar-Kays,,Funk,2014-06-08 11:46:44,0,file:///Volumes/Seagate%20Thunderbolt%20Drive/Music/The%20Bar-Kays/Unknown%20Album/09%20-%20The%20Bar-Kays%20-%20Flying%20High%20On%20Your%20Love.mp3
107094,Son of Shaft,The Bar-Kays,,Funk,2014-05-27 09:34:25,0,file:///Volumes/Seagate%20Thunderbolt%20Drive/Music/The%20Bar-Kays/Unknown%20Album/02%20Son%20of%20Shaft.mp3
107096,Up In Here - 7A/8A,The Bar-Kays,,Funk,2014-06-16 12:53:43,0,file:///Volumes/Seagate%20Thunderbolt%20Drive/Music/The%20Bar-Kays/Unknown%20Album/08%20Up%20In%20Here%20-%207A_8A.mp3
40720,Can't Stay Away,Bootsy Collins,Back in the Day: The Best of Bootsy,Funk,2014-06-15 20:15:55,0,file:///Volumes/Seagate%20Thunderbolt%20Drive/Music/Bootsy%20Collins/Back%20in%20the%20Day_%20The%20Best%20of%20Bootsy/08%20Can't%20Stay%20Away.mp3
39142,Sign of the times,Bob James,,Funk,2014-05-26 07:23:08,0,file:///Volumes/Seagate%20Thunderbolt%20Drive/Music/Bob%20James/Unknown%20Album/Sign%20of%20the%20times.mp3
35316,Woman,Barrabas,<Unknown>,Funk,2014-06-13 12:01:27,0,file:///Volumes/Seagate%20Thunderbolt%20Drive/Music/Barrabas/_Unknown_/Woman.mp3
40708,Stretchin' Out (In A Rubber Band),Bootsy Collins,Back in the Day: The Best of Bootsy,Funk,2014-05-22 05:50:51,0,file:///Volumes/Seagate%20Thunderbolt%20Drive/Music/Bootsy%20Collins/Back%20in%20the%20Day_%20The%20Best%20of%20Bootsy/02%20Stretchin'%20Out%20(In%20A%20Rubber%20Band).mp3
40710,The Pinocchio Theory,Bootsy Collins,Back in the Day: The Best of Bootsy,Funk,2014-06-04 17:05:01,0,file:///Volumes/Seagate%20Thunderbolt%20Drive/Music/Bootsy%20Collins/Back%20in%20the%20Day_%20The%20Best%20of%20Bootsy/03%20The%20Pinocchio%20Theory.mp3
40712,Hollywood Squares,Bootsy Collins,Back in the Day: The Best of Bootsy,Funk,2014-06-01 00:44:11,0,file:///Volumes/Seagate%20Thunderbolt%20Drive/Music/Bootsy%20Collins/Back%20in%20the%20Day_%20The%20Best%20of%20Bootsy/04%20Hollywood%20Squares.mp3
40714,I'd Rather Be With You,Bootsy Collins,Back in the Day: The Best of Bootsy,Funk,2014-05-29 18:52:19,0,file:///Volumes/Seagate%20Thunderbolt%20Drive/Music/Bootsy%20Collins/Back%20in%20the%20Day_%20The%20Best%20of%20Bootsy/05%20I'd%20Rather%20Be%20With%20You.mp3
40716,Bootzilla,Bootsy Collins,Back in the Day: The Best of Bootsy,Funk,2014-05-29 03:57:50,0,file:///Volumes/Seagate%20Thunderbolt%20Drive/Music/Bootsy%20Collins/Back%20in%20the%20Day_%20The%20Best%20of%20Bootsy/06%20Bootzilla.mp3
40706,"Ahh... The Name Is Bootsy, Baby",Bootsy Collins,Back in the Day: The Best of Bootsy,2014-06-16 19:18:06,2014-08-26 01:59:59,0,"file:///Volumes/Seagate%20Thunderbolt%20Drive/Music/Bootsy%20Collins/Back%20in%20the%20Day_%20The%20Best%20of%20Bootsy/01%20Ahh...%20The%20Name%20Is%20Bootsy,%20Baby.mp3"
134426,My Thang,James Brown,,Funk,2014-06-13 17:46:33,0,file:///Volumes/Seagate%20Thunderbolt%20Drive/Music/James%20Brown/Unknown%20Album/01%20My%20Thang.mp3
134422,"Get Up, Get Into It, Get Involved (Parts 1 & 2)",James Brown,2014-05-31 20:49:45,Funk,2014-09-20 04:54:31,0,"file:///Volumes/Seagate%20Thunderbolt%20Drive/Music/James%20Brown/Unknown%20Album/01%20Get%20Up,%20Get%20Into%20It,%20Get%20Involved%20(Parts%201%20&%202).mp3"
134420,Licking Stick,James Brown,,Funk,2014-06-16 09:07:22,0,file:///Volumes/Seagate%20Thunderbolt%20Drive/Music/James%20Brown/Unknown%20Album/01%20Licking%20Stick.mp3
134424,Mind Power,James Brown,,Funk,2014-06-10 10:37:02,0,file:///Volumes/Seagate%20Thunderbolt%20Drive/Music/James%20Brown/Unknown%20Album/01%20Mind%20Power.mp3
137880,Uptown Funk,Bruno Mars,,Funk,2014-05-21 12:11:31,0,file:///Volumes/Seagate%20Thunderbolt%20Drive/Music/Bruno%20Mars/Unknown%20Album/Uptown%20Funk.mp4