Track ID,Name,Artist,Album,Genre,2021-12-01 13:04:55,Play Count,Location
122876,Looks like december,Antonio Carlos Jobim,Smooth Jazz Christmas,Holiday/Jazz,2021-11-22 03:25:44,0,file:///Volumes/Seagate%20Thunderbolt%20Drive/Music/Various%20Artiist/Smooth%20Jazz%20Christmas/12%20Looks%20like%20december.mp3
126088,Do They Know It's Christmas,Band Aid 20 ,Now That's What I Call Xmas CD1,Holiday/Various Artist,2021-11-21 16:27:06,0,file:///Volumes/Seagate%20Thunderbolt%20Drive/Music/Various%20Artists/Now%20That's%20What%20I%20Call%20Xmas%20CD1/21%20Do%20They%20Know%20It's%20Christmas.mp3
126056,Do They Know It's Christmas (1984 Original Version),Band Aid ,Now That's What I Call Xmas CD1,Holiday/Various Artist,2021-11-29 17:10:25,0,file:///Volumes/Seagate%20Thunderbolt%20Drive/Music/Various%20Artists/Now%20That's%20What%20I%20Call%20Xmas%20CD1/02%20Do%20They%20Know%20It's%20Christmas%20(1984%20Original%20Version).mp3
126106,Never Do A Tango With An Eskimo,Alma Cogan ,Now That's What I Call Xmas CD2,Holiday/Various Artist,2021-12-13 05:57:22,0,file:///Volumes/Seagate%20Thunderbolt%20Drive/Music/Various%20Artists/Now%20That's%20What%20I%20Call%20Xmas%20CD2/10%20Never%20Do%20A%20Tango%20With%20An%20Eskimo.mp3
126100,Lonely Pup (In A Christmas Shop),Adam Faith ,Now That's What I Call Xmas CD2,Holiday/Various Artist,2021-12-16 23:33:58,0,file:///Volumes/Seagate%20Thunderbolt%20Drive/Music/Various%20Artists/Now%20That's%20What%20I%20Call%20Xmas%20CD2/07%20Lonely%20Pup%20(In%20A%20Christmas%20Shop).mp3
111012,Santa Claus Is Coming To Town,The Whispers,Ultimate Soul Christmas (Disc 2),Holiday/Soul,2021-12-01 17:46:38,0,file:///Volumes/Seagate%20Thunderbolt%20Drive/Music/The%20Whispers/Ultimate%20Soul%20Christmas%20(Disc%202)/2-02%20Santa%20Claus%20Is%20Coming%20To%20Town.mp3
110676,Silent Night,The Temptations,Ultimate Soul Christmas (Disc 2),Holiday/Soul,2021-12-12 03:24:03,0,file:///Volumes/Seagate%20Thunderbolt%20Drive/Music/The%20Temptations/Ultimate%20Soul%20Christmas%20(Disc%202)/2-15%20Silent%20Night.mp3
110578,I'll Be Home For Christmas,The Stylistics,Ultimate Soul Christmas (Disc 1),Holiday/Soul,2021-11-24 21:28:41,0,file:///Volumes/Seagate%20Thunderbolt%20Drive/Music/The%20Stylistics/Ultimate%20Soul%20Christmas%20(Disc%201)/1-14%20I'll%20Be%20Home%20For%20Christmas.mp3
102838,O Holy Night,Smokey Robinson & The Miracles,Ultimate Soul Christmas (Disc 2),Holiday/Soul,2021-12-05 12:37:32,0,file:///Volumes/Seagate%20Thunderbolt%20Drive/Music/Smokey%20Robinson%20&%20The%20Miracles/Ultimate%20Soul%20Christmas%20(Disc%202)/2-13%20O%20Holy%20Night.mp3
47466,White Christmas,Otis Redding,Ultimate Soul Christmas (Disc 1),Holiday/Soul,2021-12-16 15:32:36,0,file:///Volumes/Seagate%20Thunderbolt%20Drive/Music/Compilations/Ultimate%20Soul%20Christmas%20(Disc%201)/1-02%20White%20Christmas.mp3
47468,Have Yourself A Merry Little Christmas,The O'Jays,Ultimate Soul Christmas (Disc 2),Holiday/Soul,2021-11-28 12:47:34,0,file:///Volumes/Seagate%20Thunderbolt%20Drive/Music/Compilations/Ultimate%20Soul%20Christmas%20(Disc%202)/2-06%20Have%20Yourself%20A%20Merry%20Little%20Christmas.mp3
90104,The Christmas Song (Merry Christmas To You),Nat King Cole,Ultimate Soul Christmas (Disc 1),Holiday/Soul,2021-11-19 01:48:10,0,file:///Volumes/Seagate%20Thunderbolt%20Drive/Music/Nat%20King%20Cole/Ultimate%20Soul%20Christmas%20(Disc%201)/1-04%20The%20Christmas%20Song%20(Merry%20Christmas%20To%20You).mp3
89812,That's What I Want For Christmas,Nancy Wilson,Ultimate Soul Christmas (Disc 2),Holiday/Soul,2021-12-18 11:26:40,0,file:///Volumes/Seagate%20Thunderbolt%20Drive/Music/Nancy%20Wilson/Ultimate%20Soul%20Christmas%20(Disc%202)/2-14%20That's%20What%20I%20Want%20For%20Christmas.mp3
82976,This Is Christmas,Luther Vandross,Ultimate Soul Christmas (Disc 1),Holiday/Soul,2021-11-27 16:40:37,0,file:///Volumes/Seagate%20Thunderbolt%20Drive/Music/Luther%20Vandross/Ultimate%20Soul%20Christmas%20(Disc%201)/1-01%20This%20Is%20Christmas.mp3
82182,What Are You Doing New Year's Eve?,Lou Rawls,Ultimate Soul Christmas (Disc 2),Holiday/Soul,2021-11-20 06:23:33,0,file:///Volumes/Seagate%20Thunderbolt%20Drive/Music/Lou%20Rawls/Ultimate%20Soul%20Christmas%20(Disc%202)/2-07%20What%20Are%20You%20Doing%20New%20Year's%20Eve_.mp3
79294,Let It Snow! Let It Snow! Let It Snow!,Lena Horne,Ultimate Soul Christmas (Disc 1),Holiday/Soul,2021-11-28 12:24:14,0,file:///Volumes/Seagate%20Thunderbolt%20Drive/Music/Lena%20Horne/Ultimate%20Soul%20Christmas%20(Disc%201)/1-09%20Let%20It%20Snow!%20Let%20It%20Snow!%20Let%20It%20Snow!.mp3
67024,It Came Upon A Midnight Clear,Jackie Wilson,Ultimate Soul Christmas (Disc 1),Holiday/Soul,2021-11-30 09:06:46,0,file:///Volumes/Seagate%20Thunderbolt%20Drive/Music/Jackie%20Wilson/Ultimate%20Soul%20Christmas%20(Disc%201)/1-11%20It%20Came%20Upon%20A%20Midnight%20Clear.mp3
66338,The Mistletoe & Me,Isaac Hayes,Ultimate Soul Christmas (Disc 2),Holiday/Soul,2021-11-20 06:01:47,0,file:///Volumes/Seagate%20Thunderbolt%20Drive/Music/Isaac%20Hayes/Ultimate%20Soul%20Christmas%20(Disc%202)/2-04%20The%20Mistletoe%20&%20Me.mp3
59734,Please Come Home For Christmas,Fats Domino,Ultimate Soul Christmas (Disc 2),Holiday/Soul,2021-11-23 05:48:24,0,file:///Volumes/Seagate%20Thunderbolt%20Drive/Music/Fats%20Domino/Ultimate%20Soul%20Christmas%20(Disc%202)/2-08%20Please%20Come%20Home%20For%20Christmas.mp3
57552,Snowy Nights,En Vogue,Ultimate Soul Christmas (Disc 2),Holiday/Soul,2021-11-20 05:23:30,0,file:///Volumes/Seagate%20Thunderbolt%20Drive/Music/En%20Vogue/Ultimate%20Soul%20Christmas%20(Disc%202)/2-05%20Snowy%20Nights.mp3
57550,With My Honey,En Vogue,Ultimate Soul Christmas (Disc 1),Holiday/Soul,2021-11-29 20:50:37,0,file:///Volumes/Seagate%20Thunderbolt%20Drive/Music/En%20Vogue/Ultimate%20Soul%20Christmas%20(Disc%201)/1-05%20With%20My%20Honey.mp3
108406,Black Christmas,The Emotions,Ultimate Soul Christmas (Disc 1),Holiday/Soul,2021-12-11 04:32:54,0,file:///Volumes/Seagate%20Thunderbolt%20Drive/Music/The%20Emotions/Ultimate%20Soul%20Christmas%20(Disc%201)/1-10%20Black%20Christmas.mp3
56244,God Rest Ye Merry Gentlemen,Ella Fitzgerald,Ultimate Soul Christmas (Disc 2),Holiday/Soul,2021-11-28 19:18:30,0,file:///Volumes/Seagate%20Thunderbolt%20Drive/Music/Ella%20Fitzgerald/Ultimate%20Soul%20Christmas%20(Disc%202)/2-10%20God%20Rest%20Ye%20Merry%20Gentlemen.mp3
53736,This Christmas,Donny Hathaway,Ultimate Soul Christmas (Disc 1),Holiday/Soul,2021-12-10 06:00:24,0,file:///Volumes/Seagate%20Thunderbolt%20Drive/Music/Donny%20Hathaway/Ultimate%20Soul%20Christmas%20(Disc%201)/1-03%20This%20Christmas.mp3
53564,Carol Of The Bells,Donald Lawrence & The Tri-City Singers,Ultimate Soul Christmas (Disc 1),Holiday/Soul,2021-12-03 02:45:11,0,file:///Volumes/Seagate%20Thunderbolt%20Drive/Music/Donald%20Lawrence%20&%20The%20Tri-City%20Singers/Ultimate%20Soul%20Christmas%20(Disc%201)/1-12%20Carol%20Of%20The%20Bells.mp3
44624,Merry Christmas Baby,Charles Brown,Ultimate Soul Christmas (Disc 1),Holiday/Soul,2021-12-14 13:43:14,0,file:///Volumes/Seagate%20Thunderbolt%20Drive/Music/Charles%20Brown/Ultimate%20Soul%20Christmas%20(Disc%201)/1-13%20Merry%20Christmas%20Baby.mp3
43690,Christmas In My Heart,Candi Staton,Ultimate Soul Christmas (Disc 2),Holiday/Soul,2021-12-08 08:07:36,0,file:///Volumes/Seagate%20Thunderbolt%20Drive/Music/Candi%20Staton/Ultimate%20Soul%20Christmas%20(Disc%202)/2-12%20Christmas%20In%20My%20Heart.mp3
40972,Cold December Nights,Boyz II Men,Ultimate Soul Christmas (Disc 2),Holiday/Soul,2021-11-26 09:38:54,0,file:///Volumes/Seagate%20Thunderbolt%20Drive/Music/Boyz%20II%20Men/Ultimate%20Soul%20Christmas%20(Disc%202)/2-01%20Cold%20December%20Nights.mp3
126070,Little Saint Nick,The Beach Boys ,Now That's What I Call Xmas CD1,Holiday/Various Artist,2021-11-23 04:38:50,0,file:///Volumes/Seagate%20Thunderbolt%20Drive/Music/Various%20Artists/Now%20That's%20What%20I%20Call%20Xmas%20CD1/10%20Little%20Saint%20Nick.mp3
40358,Dear Santa Claus,Bobby Womack,Ultimate Soul Christmas (Disc 1),Holiday/Soul,2021-12-07 13:33:23,0,file:///Volumes/Seagate%20Thunderbolt%20Drive/Music/Bobby%20Womack/Ultimate%20Soul%20Christmas%20(Disc%201)/1-08%20Dear%20Santa%20Claus.mp3
126124,In The Bleak Mid Winter,Bert Jansch,Now That's What I Call Xmas CD2,Holiday/Various Artist,2021-11-23 01:25:24,0,file:///Volumes/Seagate%20Thunderbolt%20Drive/Music/Various%20Artists/Now%20That's%20What%20I%20Call%20Xmas%20CD2/19%20In%20The%20Bleak%20Mid%20Winter.mp3
126104,Jingle Bell Rock,Bobby Helms ,Now That's What I Call Xmas CD2,Holiday/Various Artist,2021-11-29 16:04:51,0,file:///Volumes/Seagate%20Thunderbolt%20Drive/Music/Various%20Artists/Now%20That's%20What%20I%20Call%20Xmas%20CD2/09%20Jingle%20Bell%20Rock.mp3
126072,Christmas Wrapping,The Waitresses ,Now That's What I Call Xmas CD1,Holiday/Various Artist,2021-11-24 01:37:34,0,file:///Volumes/Seagate%20Thunderbolt%20Drive/Music/Various%20Artists/Now%20That's%20What%20I%20Call%20Xmas%20CD1/11%20Christmas%20Wrapping.mp3
126078,Santa Claus Is Coming To Town,The Supremes ,Now That's What I Call Xmas CD1,Holiday/Various Artist,2021-11-26 12:17:09,0,file:///Volumes/Seagate%20Thunderbolt%20Drive/Music/Various%20Artists/Now%20That's%20What%20I%20Call%20Xmas%20CD1/14%20Santa%20Claus%20Is%20Coming%20To%20Town.mp3
126074,What Christmas Means To Me,Stevie Wonder ,Now That's What I Call Xmas CD1,Holiday/Various Artist,2021-11-27 03:01:15,0,file:///Volumes/Seagate%20Thunderbolt%20Drive/Music/Various%20Artists/Now%20That's%20What%20I%20Call%20Xmas%20CD1/12%20What%20Christmas%20Means%20To%20Me.mp3
126122,Gaudete,Steeleye Span ,Now That's What I Call Xmas CD2,Holiday/Various Artist,2021-12-09 21:22:43,0,file:///Volumes/Seagate%20Thunderbolt%20Drive/Music/Various%20Artists/Now%20That's%20What%20I%20Call%20Xmas%20CD2/18%20Gaudete.mp3
126114,The Twelve Days Of Christmas,The Spinners ,Now That's What I Call Xmas CD2,Holiday/Various Artist,2021-12-06 23:20:40,0,file:///Volumes/Seagate%20Thunderbolt%20Drive/Music/Various%20Artists/Now%20That's%20What%20I%20Call%20Xmas%20CD2/14%20The%20Twelve%20Days%20Of%20Christmas.mp3
126064,Merry Xmas Everybody,Slade ,Now That's What I Call Xmas CD1,Holiday/Various Artist,2021-12-16 15:23:55,0,file:///Volumes/Seagate%20Thunderbolt%20Drive/Music/Various%20Artists/Now%20That's%20What%20I%20Call%20Xmas%20CD1/07%20Merry%20Xmas%20Everybody.mp3
126120,Silent Night Holy Night,Sinead O'Connor ,Now That's What I Call Xmas CD2,Holiday/Various Artist,2021-12-08 21:11:14,0,file:///Volumes/Seagate%20Thunderbolt%20Drive/Music/Various%20Artists/Now%20That's%20What%20I%20Call%20Xmas%20CD2/17%20Silent%20Night%20Holy%20Night.mp3
126086,All I Want For Christmas Is You,Samantha Mumba ,Now That's What I Call Xmas CD1,Holiday/Various Artist,2021-12-09 14:54:06,0,file:///Volumes/Seagate%20Thunderbolt%20Drive/Music/Various%20Artists/Now%20That's%20What%20I%20Call%20Xmas%20CD1/19%20All%20I%20Want%20For%20Christmas%20Is%20You.mp3
126080,Jingle Bells,The Puppini Sisters,Now That's What I Call Xmas CD1,Holiday/Various Artist,2021-11-18 21:23:30,0,file:///Volumes/Seagate%20Thunderbolt%20Drive/Music/Various%20Artists/Now%20That's%20What%20I%20Call%20Xmas%20CD1/15%20Jingle%20Bells.mp3
126058,Fairytale Of New York,The Pogues (ft Kirsty MacColl) ,Now That's What I Call Xmas CD1,Holiday/Various Artist,2021-11-19 17:49:34,0,file:///Volumes/Seagate%20Thunderbolt%20Drive/Music/Various%20Artists/Now%20That's%20What%20I%20Call%20Xmas%20CD1/03%20Fairytale%20Of%20New%20York.mp3
126068,Wonderful Christmas Time,Paul McCartney ,Now That's What I Call Xmas CD1,Holiday/Various Artist,2021-12-04 02:35:38,0,file:///Volumes/Seagate%20Thunderbolt%20Drive/Music/Various%20Artists/Now%20That's%20What%20I%20Call%20Xmas%20CD1/09%20Wonderful%20Christmas%20Time.mp3
126090,The Christmas Song (Merry Christmas To You),Nat King Cole Trio ,Now That's What I Call Xmas CD2,Holiday/Various Artist,2021-12-12 04:49:52,0,file:///Volumes/Seagate%20Thunderbolt%20Drive/Music/Various%20Artists/Now%20That's%20What%20I%20Call%20Xmas%20CD2/02%20The%20Christmas%20Song%20(Merry%20Christmas%20To%20You).mp3
126066,In Dulci Jubilo,Mike Oldfield ,Now That's What I Call Xmas CD1,Holiday/Various Artist,2021-12-02 00:26:51,0,file:///Volumes/Seagate%20Thunderbolt%20Drive/Music/Various%20Artists/Now%20That's%20What%20I%20Call%20Xmas%20CD1/08%20In%20Dulci%20Jubilo.mp3
126098,Mary's Boy Child,Matt Monro,Now That's What I Call Xmas CD2,Holiday/Various Artist,2021-11-23 22:42:52,0,file:///Volumes/Seagate%20Thunderbolt%20Drive/Music/Various%20Artists/Now%20That's%20What%20I%20Call%20Xmas%20CD2/06%20Mary's%20Boy%20Child.mp3
126084,Santa Baby,Kylie Minogue ,Now That's What I Call Xmas CD1,Holiday/Various Artist,2021-11-23 02:02:18,0,file:///Volumes/Seagate%20Thunderbolt%20Drive/Music/Various%20Artists/Now%20That's%20What%20I%20Call%20Xmas%20CD1/18%20Santa%20Baby.mp3
126118,While Shepherds Watched,The Kings Singers ,Now That's What I Call Xmas CD2,Holiday/Various Artist,2021-11-23 11:29:47,0,file:///Volumes/Seagate%20Thunderbolt%20Drive/Music/Various%20Artists/Now%20That's%20What%20I%20Call%20Xmas%20CD2/16%20While%20Shepherds%20Watched.mp3
126110,(Everybody's Waitin' For) The Man With The Bag,Kay Starr ,Now That's What I Call Xmas CD2,Holiday/Various Artist,2021-12-16 18:49:34,0,file:///Volumes/Seagate%20Thunderbolt%20Drive/Music/Various%20Artists/Now%20That's%20What%20I%20Call%20Xmas%20CD2/12%20(Everybody's%20Waitin'%20For)%20The%20Man%20With%20The%20Bag.mp3
126054,Happy Xmas (War Is Over),John & Yoko & The Plastic Ono Band ,Now That's What I Call Xmas CD1,Holiday/Various Artist,2021-11-30 14:21:49,0,file:///Volumes/Seagate%20Thunderbolt%20Drive/Music/Various%20Artists/Now%20That's%20What%20I%20Call%20Xmas%20CD1/01%20Happy%20Xmas%20(War%20Is%20Over).mp3
126076,Frosty The Snowman,The Jackson 5 ,Now That's What I Call Xmas CD1,Holiday/Various Artist,2021-11-25 22:55:01,0,file:///Volumes/Seagate%20Thunderbolt%20Drive/Music/Various%20Artists/Now%20That's%20What%20I%20Call%20Xmas%20CD1/13%20Frosty%20The%20Snowman.mp3
126060,I Believe In Father Christmas,Greg Lake ,Now That's What I Call Xmas CD1,Holiday/Various Artist,2021-12-03 09:10:05,0,file:///Volumes/Seagate%20Thunderbolt%20Drive/Music/Various%20Artists/Now%20That's%20What%20I%20Call%20Xmas%20CD1/04%20I%20Believe%20In%20Father%20Christmas.mp3
126082,Not Tonight Santa,Girls Aloud ,Now That's What I Call Xmas CD1,Holiday/Various Artist,2021-12-08 18:57:48,0,file:///Volumes/Seagate%20Thunderbolt%20Drive/Music/Various%20Artists/Now%20That's%20What%20I%20Call%20Xmas%20CD1/16%20Not%20Tonight%20Santa.mp3
126094,The Christmas Waltz,Frank Sinatra ,Now That's What I Call Xmas CD2,Holiday/Various Artist,2021-12-12 01:44:41,0,file:///Volumes/Seagate%20Thunderbolt%20Drive/Music/Various%20Artists/Now%20That's%20What%20I%20Call%20Xmas%20CD2/04%20The%20Christmas%20Waltz.mp3
126092,Let It Snow! Let It Snow! Let It Snow!,Dean Martin ,Now That's What I Call Xmas CD2,Holiday/Various Artist,2021-12-13 06:33:18,0,file:///Volumes/Seagate%20Thunderbolt%20Drive/Music/Various%20Artists/Now%20That's%20What%20I%20Call%20Xmas%20CD2/03%20Let%20It%20Snow!%20Let%20It%20Snow!%20Let%20It%20Snow!.mp3
126112,Little Town,Cliff Richard ,Now That's What I Call Xmas CD2,Holiday/Various Artist,2021-12-14 06:43:05,0,file:///Volumes/Seagate%20Thunderbolt%20Drive/Music/Various%20Artists/Now%20That's%20What%20I%20Call%20Xmas%20CD2/13%20Little%20Town.mp3
126096,Mistletoe And Wine,Cliff Richard ,Now That's What I Call Xmas CD2,Holiday/Various Artist,2021-12-12 17:57:36,0,file:///Volumes/Seagate%20Thunderbolt%20Drive/Music/Various%20Artists/Now%20That's%20What%20I%20Call%20Xmas%20CD2/05%20Mistletoe%20And%20Wine.mp3
126116,Rudolph The Red-Nosed Reindeer,Burl Ives ,Now That's What I Call Xmas CD2,Holiday/Various Artist,2021-11-30 03:54:57,0,file:///Volumes/Seagate%20Thunderbolt%20Drive/Music/Various%20Artists/Now%20That's%20What%20I%20Call%20Xmas%20CD2/15%20Rudolph%20The%20Red-Nosed%20Reindeer.mp3
126102,Rockin' Around The Christmas Tree,Brenda Lee ,Now That's What I Call Xmas CD2,Holiday/Various Artist,2021-12-06 05:28:32,0,file:///Volumes/Seagate%20Thunderbolt%20Drive/Music/Various%20Artists/Now%20That's%20What%20I%20Call%20Xmas%20CD2/08%20Rockin'%20Around%20The%20Christmas%20Tree.mp3
126108,Swinging On A Star,Big Dee Irwin ,Now That's What I Call Xmas CD2,Holiday/Various Artist,2021-12-08 06:30:35,0,file:///Volumes/Seagate%20Thunderbolt%20Drive/Music/Various%20Artists/Now%20That's%20What%20I%20Call%20Xmas%20CD2/11%20Swinging%20On%20A%20Star.mp3
37942,The Gift Of Giving,Bill Withers,Ultimate Soul Christmas (Disc 1),Holiday/Soul,2021-12-11 16:39:16,0,file:///Volumes/Seagate%20Thunderbolt%20Drive/Music/Bill%20Withers/Ultimate%20Soul%20Christmas%20(Disc%201)/1-07%20The%20Gift%20Of%20Giving.mp3
35640,Silver Bells,BeBe & CeCe Winans,Ultimate Soul Christmas (Disc 2),Holiday/Soul,2021-12-05 17:17:20,0,file:///Volumes/Seagate%20Thunderbolt%20Drive/Music/BeBe%20&%20CeCe%20Winans/Ultimate%20Soul%20Christmas%20(Disc%202)/2-09%20Silver%20Bells.mp3
34964,You Were There,Babyface,Ultimate Soul Christmas (Disc 1),Holiday/Soul,2021-12-05 03:51:40,0,file:///Volumes/Seagate%20Thunderbolt%20Drive/Music/Babyface/Ultimate%20Soul%20Christmas%20(Disc%201)/1-15%20You%20Were%20There.mp3
116446,Let it Snow! Let it Snow! Let,Doris Day,All Time Greatest Christmas Songs,Holiday/Pop,2021-11-28 01:25:41,0,file:///Volumes/Seagate%20Thunderbolt%20Drive/Music/Various%20Artiist/All%20Time%20Greatest%20Christmas%20Songs/Let%20it%20Snow!%20Let%20it%20Snow!%20Let.mp3
116444,"It's Gonna Be A Cold, Cold Chr",Dana,All Time Greatest Christmas Songs,2021-12-07 13:43:56,2014-08-26 01:59:59,0,"file:///Volumes/Seagate%20Thunderbolt%20Drive/Music/Various%20Artiist/All%20Time%20Greatest%20Christmas%20Songs/It's%20Gonna%20Be%20A%20Cold,%20Cold%20Chr.mp3"
116428,Driving Home for Christmas,Chris Rea,All Time Greatest Christmas Songs,Holiday/Pop,2021-12-08 12:51:54,0,file:///Volumes/Seagate%20Thunderbolt%20Drive/Music/Various%20Artiist/All%20Time%20Greatest%20Christmas%20Songs/Driving%20Home%20for%20Christmas.mp3
116464,Silent Night,Charlotte Church,All Time Greatest Christmas Songs,Holiday/Pop,2021-11-27 05:55:32,0,file:///Volumes/Seagate%20Thunderbolt%20Drive/Music/Various%20Artiist/All%20Time%20Greatest%20Christmas%20Songs/Silent%20Night.mp3
116436,I Met an Angel (on Christmas D,Celine Dion,All Time Greatest Christmas Songs,Holiday/Pop,2021-11-24 20:28:10,0,file:///Volumes/Seagate%20Thunderbolt%20Drive/Music/Various%20Artiist/All%20Time%20Greatest%20Christmas%20Songs/I%20Met%20an%20Angel%20(on%20Christmas%20D.mp3
116482,White Christmas,Bing Crosby,All Time Greatest Christmas Songs,Holiday/Pop,2021-11-27 07:48:45,0,file:///Volumes/Seagate%20Thunderbolt%20Drive/Music/Various%20Artiist/All%20Time%20Greatest%20Christmas%20Songs/White%20Christmas.mp3
116426,Do Yhey Know It's Christmas?,Band Aid,All Time Greatest Christmas Songs,Holiday/Pop,2021-11-26 21:01:14,0,file:///Volumes/Seagate%20Thunderbolt%20Drive/Music/Various%20Artiist/All%20Time%20Greatest%20Christmas%20Songs/Do%20Yhey%20Know%20It's%20Christmas_.mp3
116422,Christmas Time,Backstreet Boys,All Time Greatest Christmas Songs,Holiday/Pop,2021-11-23 20:28:52,0,file:///Volumes/Seagate%20Thunderbolt%20Drive/Music/Various%20Artiist/All%20Time%20Greatest%20Christmas%20Songs/Christmas%20Time.mp3
116432,Have Yourself A Merry Little C,Babyface,All Time Greatest Christmas Songs,Holiday/Pop,2021-12-01 20:08:55,0,file:///Volumes/Seagate%20Thunderbolt%20Drive/Music/Various%20Artiist/All%20Time%20Greatest%20Christmas%20Songs/Have%20Yourself%20A%20Merry%20Little%20C.mp3
116456,O Come All Ye Faithful,Art Garfunkel,All Time Greatest Christmas Songs,Holiday/Pop,2021-11-19 04:12:03,0,file:///Volumes/Seagate%20Thunderbolt%20Drive/Music/Various%20Artiist/All%20Time%20Greatest%20Christmas%20Songs/O%20Come%20All%20Ye%20Faithful.mp3
116466,Sleigh Ride,Andy Williams,All Time Greatest Christmas Songs,Holiday/Pop,2021-12-14 04:15:24,0,file:///Volumes/Seagate%20Thunderbolt%20Drive/Music/Various%20Artiist/All%20Time%20Greatest%20Christmas%20Songs/Sleigh%20Ride.mp3
122858,I'll be home for christmas,Will Downing,Smooth Jazz Christmas,Holiday/Jazz,2021-12-08 10:48:12,0,file:///Volumes/Seagate%20Thunderbolt%20Drive/Music/Various%20Artiist/Smooth%20Jazz%20Christmas/03%20I'll%20be%20home%20for%20christmas.mp3
122870,Let there be peace on earth,Voyceboxing,Smooth Jazz Christmas,Holiday/Jazz,2021-12-08 02:16:33,0,file:///Volumes/Seagate%20Thunderbolt%20Drive/Music/Various%20Artiist/Smooth%20Jazz%20Christmas/09%20Let%20there%20be%20peace%20on%20earth.mp3
122864,Winter wonderland,Shirley Horn,Smooth Jazz Christmas,Holiday/Jazz,2021-12-13 07:37:54,0,file:///Volumes/Seagate%20Thunderbolt%20Drive/Music/Various%20Artiist/Smooth%20Jazz%20Christmas/06%20Winter%20wonderland.mp3
122874,"Hark, the herald angels sing",Russ Freeman,Smooth Jazz Christmas,2021-12-17 19:37:07,2014-08-26 01:59:59,0,"file:///Volumes/Seagate%20Thunderbolt%20Drive/Music/Various%20Artiist/Smooth%20Jazz%20Christmas/11%20Hark,%20the%20herald%20angels%20sing.mp3"
122868,The christmas song,Phil Perry,Smooth Jazz Christmas,Holiday/Jazz,2021-12-14 11:24:48,0,file:///Volumes/Seagate%20Thunderbolt%20Drive/Music/Various%20Artiist/Smooth%20Jazz%20Christmas/08%20The%20christmas%20song.mp3
122856,Christmas time is here,Patti Austin,Smooth Jazz Christmas,Holiday/Jazz,2021-12-05 17:20:13,0,file:///Volumes/Seagate%20Thunderbolt%20Drive/Music/Various%20Artiist/Smooth%20Jazz%20Christmas/02%20Christmas%20time%20is%20here.mp3
122866,Those soulful jingle bells,Mark Whitfield,Smooth Jazz Christmas,Holiday/Jazz,2021-12-15 02:23:24,0,file:///Volumes/Seagate%20Thunderbolt%20Drive/Music/Various%20Artiist/Smooth%20Jazz%20Christmas/07%20Those%20soulful%20jingle%20bells.mp3
122854,Have yourself a merry little christmas,Lee Ritenour,Smooth Jazz Christmas,Holiday/Jazz,2021-12-13 06:58:36,0,file:///Volumes/Seagate%20Thunderbolt%20Drive/Music/Various%20Artiist/Smooth%20Jazz%20Christmas/01%20Have%20yourself%20a%20merry%20little%20christmas.mp3
122860,Sleigh ride,Laura Fygi,Smooth Jazz Christmas,Holiday/Jazz,2021-11-23 07:19:13,0,file:///Volumes/Seagate%20Thunderbolt%20Drive/Music/Various%20Artiist/Smooth%20Jazz%20Christmas/04%20Sleigh%20ride.mp3
122884,Blue christmas,Laima,Smooth Jazz Christmas,Holiday/Jazz,2021-11-24 10:22:55,0,file:///Volumes/Seagate%20Thunderbolt%20Drive/Music/Various%20Artiist/Smooth%20Jazz%20Christmas/16%20Blue%20christmas.mp3
122862,Kissing by the mistletoe,Joe Williams,Smooth Jazz Christmas,Holiday/Jazz,2021-11-28 19:11:14,0,file:///Volumes/Seagate%20Thunderbolt%20Drive/Music/Various%20Artiist/Smooth%20Jazz%20Christmas/05%20Kissing%20by%20the%20mistletoe.mp3
122872,Here comes santa claus,Jeff Golub,Smooth Jazz Christmas,Holiday/Jazz,2021-12-10 17:41:37,0,file:///Volumes/Seagate%20Thunderbolt%20Drive/Music/Various%20Artiist/Smooth%20Jazz%20Christmas/10%20Here%20comes%20santa%20claus.mp3
122878,This christmas,Gerald Albright,Smooth Jazz Christmas,Holiday/Jazz,2021-11-28 16:11:23,0,file:///Volumes/Seagate%20Thunderbolt%20Drive/Music/Various%20Artiist/Smooth%20Jazz%20Christmas/13%20This%20christmas.mp3
122882,The first noel,George Howard,Smooth Jazz Christmas,Holiday/Jazz,2021-11-20 00:11:10,0,file:///Volumes/Seagate%20Thunderbolt%20Drive/Music/Various%20Artiist/Smooth%20Jazz%20Christmas/15%20The%20first%20noel.mp3
122886,After the snow falls,David Benoit,Smooth Jazz Christmas,Holiday/Jazz,2021-11-23 21:09:55,0,file:///Volumes/Seagate%20Thunderbolt%20Drive/Music/Various%20Artiist/Smooth%20Jazz%20Christmas/17%20After%20the%20snow%20falls.mp3
122880,O holy night,Carl Anderson,Smooth Jazz Christmas,Holiday/Jazz,2021-12-01 10:26:03,0,file:///Volumes/Seagate%20Thunderbolt%20Drive/Music/Various%20Artiist/Smooth%20Jazz%20Christmas/14%20O%20holy%20night.mp3
116484,Winter in America,Doug Ashdown,All Time Greatest Christmas Songs,Holiday/Pop,2021-12-08 19:03:35,0,file:///Volumes/Seagate%20Thunderbolt%20Drive/Music/Various%20Artiist/All%20Time%20Greatest%20Christmas%20Songs/Winter%20in%20America.mp3
116468,Step into Christmas,Elton John,All Time Greatest Christmas Songs,Holiday/Pop,2021-11-25 14:23:08,0,file:///Volumes/Seagate%20Thunderbolt%20Drive/Music/Various%20Artiist/All%20Time%20Greatest%20Christmas%20Songs/Step%20into%20Christmas.mp3
116424,Christmas Was A Friend of Mine,Fay Lovsky,All Time Greatest Christmas Songs,Holiday/Pop,2021-11-20 08:37:55,0,file:///Volumes/Seagate%20Thunderbolt%20Drive/Music/Various%20Artiist/All%20Time%20Greatest%20Christmas%20Songs/Christmas%20Was%20A%20Friend%20of%20Mine.mp3
116460,Santa Claus is Comin' to Town,Frank Sinatra,All Time Greatest Christmas Songs,Holiday/Pop,2021-12-06 11:05:37,0,file:///Volumes/Seagate%20Thunderbolt%20Drive/Music/Various%20Artiist/All%20Time%20Greatest%20Christmas%20Songs/Santa%20Claus%20is%20Comin'%20to%20Town.mp3
31836,My Gift To You,Alexander O'Neal,Ultimate Soul Christmas (Disc 2),Holiday/Soul,2021-12-05 18:15:51,0,file:///Volumes/Seagate%20Thunderbolt%20Drive/Music/Alexander%20O'Neal/Ultimate%20Soul%20Christmas%20(Disc%202)/2-11%20My%20Gift%20To%20You.mp3
31626,Feels Like Christmas,Al Green,Ultimate Soul Christmas (Disc 1),Holiday/Soul,2021-12-01 11:19:38,0,file:///Volumes/Seagate%20Thunderbolt%20Drive/Music/Al%20Green/Ultimate%20Soul%20Christmas%20(Disc%201)/1-06%20Feels%20Like%20Christmas.mp3
29188,I Need You  (Christmas Mix),3T,All Time Greatest Christmas Songs,Holiday/Pop,2021-12-15 00:02:05,0,file:///Volumes/Seagate%20Thunderbolt%20Drive/Music/3T/All%20Time%20Greatest%20Christmas%20Songs/I%20Need%20You%20%20(Christmas%20Mix).mp3
127564,Last Christmas ,Wham,,Holiday/Pop,2021-12-04 07:05:33,0,file:///Volumes/Seagate%20Thunderbolt%20Drive/Music/Wham/Unknown%20Album/Last%20Christmas.mp3
116486,Winter Wonderland,Tony Bennet,All Time Greatest Christmas Songs,Holiday/Pop,2021-12-14 07:10:08,0,file:///Volumes/Seagate%20Thunderbolt%20Drive/Music/Various%20Artiist/All%20Time%20Greatest%20Christmas%20Songs/Winter%20Wonderland.mp3
116430,Give Love on Christmas Day,Solid Harmony,All Time Greatest Christmas Songs,Holiday/Pop,2021-12-02 12:29:51,0,file:///Volumes/Seagate%20Thunderbolt%20Drive/Music/Various%20Artiist/All%20Time%20Greatest%20Christmas%20Songs/Give%20Love%20on%20Christmas%20Day.mp3
116412,A Christmas Song,Shawn Phillips,All Time Greatest Christmas Songs,Holiday/Pop,2021-12-09 23:22:47,0,file:///Volumes/Seagate%20Thunderbolt%20Drive/Music/Various%20Artiist/All%20Time%20Greatest%20Christmas%20Songs/A%20Christmas%20Song.mp3
116434,I Don't Need Anything this Chr,Shawn Colvin,All Time Greatest Christmas Songs,Holiday/Pop,2021-11-20 19:20:48,0,file:///Volumes/Seagate%20Thunderbolt%20Drive/Music/Various%20Artiist/All%20Time%20Greatest%20Christmas%20Songs/I%20Don't%20Need%20Anything%20this%20Chr.mp3
116454,Merry Christmas Everyone,Shakin' Stevens,All Time Greatest Christmas Songs,Holiday/Pop,2021-11-22 22:49:14,0,file:///Volumes/Seagate%20Thunderbolt%20Drive/Music/Various%20Artiist/All%20Time%20Greatest%20Christmas%20Songs/Merry%20Christmas%20Everyone.mp3
116416,"Ay, Ay, Ay It's Christmas",Ricky Martin,2021-12-03 19:56:32,Holiday/Pop,2014-08-26 01:59:59,0,"file:///Volumes/Seagate%20Thunderbolt%20Drive/Music/Various%20Artiist/All%20Time%20Greatest%20Christmas%20Songs/Ay,%20Ay,%20Ay%20It's%20Christmas.mp3"
116410,2000 Miles,Pretenders,All Time Greatest Christmas Songs,Holiday/Pop,2021-12-04 22:09:47,0,file:///Volumes/Seagate%20Thunderbolt%20Drive/Music/Various%20Artiist/All%20Time%20Greatest%20Christmas%20Songs/2000%20Miles.mp3
116450,Lonely this Christmas,Mud,All Time Greatest Christmas Songs,Holiday/Pop,2021-12-14 23:17:14,0,file:///Volumes/Seagate%20Thunderbolt%20Drive/Music/Various%20Artiist/All%20Time%20Greatest%20Christmas%20Songs/Lonely%20this%20Christmas.mp3
116478,this is the Time,Michael Bolton (Duet with Wyno,All Time Greatest Christmas Songs,Holiday/Pop,2021-12-04 22:34:22,0,file:///Volumes/Seagate%20Thunderbolt%20Drive/Music/Various%20Artiist/All%20Time%20Greatest%20Christmas%20Songs/this%20is%20the%20Time.mp3
126126,We Wish You A Merry Christmas,The Weavers ,Now That's What I Call Xmas CD2,Holiday/Various Artist,2021-12-13 03:51:10,0,file:///Volumes/Seagate%20Thunderbolt%20Drive/Music/Various%20Artists/Now%20That's%20What%20I%20Call%20Xmas%20CD2/20%20We%20Wish%20You%20A%20Merry%20Christmas.mp3
116470,the Christmas Song (Chestnuts,Mel Torme,All Time Greatest Christmas Songs,Holiday/Pop,2021-12-16 04:31:37,0,file:///Volumes/Seagate%20Thunderbolt%20Drive/Music/Various%20Artiist/All%20Time%20Greatest%20Christmas%20Songs/the%20Christmas%20Song%20(Chestnuts.mp3
116414,All I Want for Christmas,Mariah Carey,All Time Greatest Christmas Songs,Holiday/Pop,2021-11-29 22:03:00,0,file:///Volumes/Seagate%20Thunderbolt%20Drive/Music/Various%20Artiist/All%20Time%20Greatest%20Christmas%20Songs/All%20I%20Want%20for%20Christmas.mp3
116420,Christmas Auld Lang Syne,Marc Anthony,All Time Greatest Christmas Songs,Holiday/Pop,2021-12-10 23:40:05,0,file:///Volumes/Seagate%20Thunderbolt%20Drive/Music/Various%20Artiist/All%20Time%20Greatest%20Christmas%20Songs/Christmas%20Auld%20Lang%20Syne.mp3
116438,it Came Upon the Midnight Clea,Manhattan Transfer,All Time Greatest Christmas Songs,Holiday/Pop,2021-12-14 09:05:46,0,file:///Volumes/Seagate%20Thunderbolt%20Drive/Music/Various%20Artiist/All%20Time%20Greatest%20Christmas%20Songs/it%20Came%20Upon%20the%20Midnight%20Clea.mp3
116462,"Silent Night, Holy Night",Mahalia Jackson,All Time Greatest Christmas Songs,2021-12-13 22:23:51,2014-08-26 01:59:59,0,"file:///Volumes/Seagate%20Thunderbolt%20Drive/Music/Various%20Artiist/All%20Time%20Greatest%20Christmas%20Songs/Silent%20Night,%20Holy%20Night.mp3"
116440,it May Be Winter Outside,Love Unlimited,All Time Greatest Christmas Songs,Holiday/Pop,2021-12-18 14:42:16,0,file:///Volumes/Seagate%20Thunderbolt%20Drive/Music/Various%20Artiist/All%20Time%20Greatest%20Christmas%20Songs/it%20May%20Be%20Winter%20Outside.mp3
116448,Let Love Be Love,Juice/s.O.A.P/christina Feat.,All Time Greatest Christmas Songs,Holiday/Pop,2021-12-08 17:09:05,0,file:///Volumes/Seagate%20Thunderbolt%20Drive/Music/Various%20Artiist/All%20Time%20Greatest%20Christmas%20Songs/Let%20Love%20Be%20Love.mp3
116442,It's Beginning to Look A Lot L,Johnny Mathis,All Time Greatest Christmas Songs,Holiday/Pop,2021-11-27 16:10:57,0,file:///Volumes/Seagate%20Thunderbolt%20Drive/Music/Various%20Artiist/All%20Time%20Greatest%20Christmas%20Songs/It's%20Beginning%20to%20Look%20A%20Lot%20L.mp3
116472,the Little Drummer Boy,Johnny Cash,All Time Greatest Christmas Songs,Holiday/Pop,2021-12-02 10:38:53,0,file:///Volumes/Seagate%20Thunderbolt%20Drive/Music/Various%20Artiist/All%20Time%20Greatest%20Christmas%20Songs/the%20Little%20Drummer%20Boy.mp3
116480,When My Heart Finds Christmas,"Harry Connick, Jr.",All Time Greatest Christmas Songs,2021-11-26 07:56:54,2014-08-26 01:59:59,0,file:///Volumes/Seagate%20Thunderbolt%20Drive/Music/Various%20Artiist/All%20Time%20Greatest%20Christmas%20Songs/When%20My%20Heart%20Finds%20Christmas.mp3
116452,Love on Layaway,Gloria Estefan,All Time Greatest Christmas Songs,Holiday/Pop,2021-12-10 00:22:45,0,file:///Volumes/Seagate%20Thunderbolt%20Drive/Music/Various%20Artiist/All%20Time%20Greatest%20Christmas%20Songs/Love%20on%20Layaway.mp3
116476,this Christmas,Gladys Night & the Pips,All Time Greatest Christmas Songs,Holiday/Pop,2021-12-01 09:04:28,0,file:///Volumes/Seagate%20Thunderbolt%20Drive/Music/Various%20Artiist/All%20Time%20Greatest%20Christmas%20Songs/this%20Christmas.mp3
116458,Rudolph the Red-Nosed Reindeer,Gene Autry,All Time Greatest Christmas Songs,Holiday/Pop,2021-12-03 04:54:00,0,file:///Volumes/Seagate%20Thunderbolt%20Drive/Music/Various%20Artiist/All%20Time%20Greatest%20Christmas%20Songs/Rudolph%20the%20Red-Nosed%20Reindeer.mp3
116474,the Power of Love,Frankie Goes to Hollywood,All Time Greatest Christmas Songs,Holiday/Pop,2021-11-22 18:40:54,0,file:///Volumes/Seagate%20Thunderbolt%20Drive/Music/Various%20Artiist/All%20Time%20Greatest%20Christmas%20Songs/the%20Power%20of%20Love.mp3
116418,Bells Are Ringing,Mary Chapin Carpenter,All Time Greatest Christmas Songs,Holiday/Pop,2021-12-06 16:48:48,0,file:///Volumes/Seagate%20Thunderbolt%20Drive/Music/Various%20Artiist/All%20Time%20Greatest%20Christmas%20Songs/Bells%20Are%20Ringing.mp3
126062,I Wish It Could Be Christmas Everyday,Wizzard ,Now That's What I Call Xmas CD1,Holiday/Various Artist,2021-11-21 14:04:46,0,file:///Volumes/Seagate%20Thunderbolt%20Drive/Music/Various%20Artists/Now%20That's%20What%20I%20Call%20Xmas%20CD1/06%20I%20Wish%20It%20Could%20Be%20Christmas%20Everyday.mp3