Track ID,Name,Artist,Album,Genre,2020-08-03 06:59:19,Play Count,Location
51448,Ease On Down The Road (From The Wiz) (Extended),Diana Ross & Michael Jackson,,Classic 70's Music,2020-08-15 19:40:17,0,file:///Volumes/Seagate%20Thunderbolt%20Drive/Music/Diana%20Ross%20&%20Michael%20Jackson/Unknown%20Album/Ease%20On%20Down%20The%20Road%20(From%20The%20Wiz)%20(Extended).mp3
87368,Thriller '02 (Poison Dwarf Mix),Michael Jackson f. Vincent Price,,Halloween,2020-08-12 13:03:06,0,file:///Volumes/Seagate%20Thunderbolt%20Drive/Music/Michael%20Jackson%20f.%20Vincent%20Price/Unknown%20Album/Thriller%20'02%20(Poison%20Dwarf%20Mix).mp3
87370,Thriller '02 (X-MIX vs. DMC Trackmaster Mix),Michael Jackson f. Vincent Price,,Halloween,2020-07-27 12:05:24,0,file:///Volumes/Seagate%20Thunderbolt%20Drive/Music/Michael%20Jackson%20f.%20Vincent%20Price/Unknown%20Album/Thriller%20'02%20(X-MIX%20vs.%20DMC%20Trackmaster%20Mix).mp3
87372,Thriller '07 (Arcade2600 Mix),Michael Jackson f. Vincent Price,,Halloween,2020-07-25 05:49:44,0,file:///Volumes/Seagate%20Thunderbolt%20Drive/Music/Michael%20Jackson%20f.%20Vincent%20Price/Unknown%20Album/Thriller%20'07%20(Arcade2600%20Mix).mp3
87374,Thriller '07 (Casto's Creepy Club Mix),Michael Jackson f. Vincent Price,,Halloween,2020-08-07 06:36:49,0,file:///Volumes/Seagate%20Thunderbolt%20Drive/Music/Michael%20Jackson%20f.%20Vincent%20Price/Unknown%20Album/Thriller%20'07%20(Casto's%20Creepy%20Club%20Mix).mp3
87376,Thriller '07 (Casto's Extra Electro Mix),Michael Jackson f. Vincent Price,,Halloween,2020-07-24 02:04:29,0,file:///Volumes/Seagate%20Thunderbolt%20Drive/Music/Michael%20Jackson%20f.%20Vincent%20Price/Unknown%20Album/Thriller%20'07%20(Casto's%20Extra%20Electro%20Mix).mp3
87378,Thriller '07 (Casto's Hounds Of Hell Club Mix),Michael Jackson f. Vincent Price,,Halloween,2020-07-24 23:23:15,0,file:///Volumes/Seagate%20Thunderbolt%20Drive/Music/Michael%20Jackson%20f.%20Vincent%20Price/Unknown%20Album/Thriller%20'07%20(Casto's%20Hounds%20Of%20Hell%20Club%20Mix).mp3
87380,Thriller '07 (David 'Chicago' Casto Radio Mix),Michael Jackson f. Vincent Price,,Halloween,2020-08-16 07:38:41,0,file:///Volumes/Seagate%20Thunderbolt%20Drive/Music/Michael%20Jackson%20f.%20Vincent%20Price/Unknown%20Album/Thriller%20'07%20(David%20'Chicago'%20Casto%20Radio%20Mix).mp3
87382,Thriller '07 (Dime Store Cowboys Mix),Michael Jackson f. Vincent Price,,Halloween,2020-07-24 06:34:40,0,file:///Volumes/Seagate%20Thunderbolt%20Drive/Music/Michael%20Jackson%20f.%20Vincent%20Price/Unknown%20Album/Thriller%20'07%20(Dime%20Store%20Cowboys%20Mix).mp3
87384,Thriller '07 (Ron's Electro House Mix),Michael Jackson f. Vincent Price,,Halloween,2020-07-22 01:36:59,0,file:///Volumes/Seagate%20Thunderbolt%20Drive/Music/Michael%20Jackson%20f.%20Vincent%20Price/Unknown%20Album/Thriller%20'07%20(Ron's%20Electro%20House%20Mix).mp3
87386,Thriller '07 (Shahi Vox Mix),Michael Jackson f. Vincent Price,,Halloween,2020-07-27 20:20:19,0,file:///Volumes/Seagate%20Thunderbolt%20Drive/Music/Michael%20Jackson%20f.%20Vincent%20Price/Unknown%20Album/Thriller%20'07%20(Shahi%20Vox%20Mix).mp3
87388,Thriller '08 (David 'Chicago' Casto STFU No Vocal Just Beats #1 Mix),Michael Jackson f. Vincent Price,,Halloween,2020-08-03 11:46:26,0,file:///Volumes/Seagate%20Thunderbolt%20Drive/Music/Michael%20Jackson%20f.%20Vincent%20Price/Unknown%20Album/Thriller%20'08%20(David%20'Chicago'%20Casto%20STFU%20No%20Vocal%20Just%20Beats%20%231%20Mix).mp3
87390,Thriller '08 (David 'Chicago' Casto STFU No Vocal Just Beats #2 Mix),Michael Jackson f. Vincent Price,,Halloween,2020-08-08 17:36:59,0,file:///Volumes/Seagate%20Thunderbolt%20Drive/Music/Michael%20Jackson%20f.%20Vincent%20Price/Unknown%20Album/Thriller%20'08%20(David%20'Chicago'%20Casto%20STFU%20No%20Vocal%20Just%20Beats%20%232%20Mix).mp3
87392,Thriller (Extended),Michael Jackson f. Vincent Price,,Halloween,2020-07-25 11:24:39,0,file:///Volumes/Seagate%20Thunderbolt%20Drive/Music/Michael%20Jackson%20f.%20Vincent%20Price/Unknown%20Album/Thriller%20(Extended).mp3
87394,Thriller (Instrumental),Michael Jackson f. Vincent Price,,Halloween,2020-07-19 12:28:39,0,file:///Volumes/Seagate%20Thunderbolt%20Drive/Music/Michael%20Jackson%20f.%20Vincent%20Price/Unknown%20Album/Thriller%20(Instrumental).mp3
87366,Thriller '02 (Jonathan Peters Mix),Michael Jackson f. Vincent Price,,Halloween,2020-07-31 06:32:54,0,file:///Volumes/Seagate%20Thunderbolt%20Drive/Music/Michael%20Jackson%20f.%20Vincent%20Price/Unknown%20Album/Thriller%20'02%20(Jonathan%20Peters%20Mix).mp3
87396,Thriller (Radio Edit),Michael Jackson f. Vincent Price,,Halloween,2020-07-19 08:21:36,0,file:///Volumes/Seagate%20Thunderbolt%20Drive/Music/Michael%20Jackson%20f.%20Vincent%20Price/Unknown%20Album/Thriller%20(Radio%20Edit).mp3
87400,Thriller 2011 (J. Casablanca Club Mix 2),Michael Jackson f. Vincent Price,,Halloween,2020-07-19 12:19:27,0,file:///Volumes/Seagate%20Thunderbolt%20Drive/Music/Michael%20Jackson%20f.%20Vincent%20Price/Unknown%20Album/Thriller%202011%20(J.%20Casablanca%20Club%20Mix%202).mp3
87402,Thriller 2011 (J. Casablanca Instrumental Mix),Michael Jackson f. Vincent Price,,Halloween,2020-07-25 20:35:58,0,file:///Volumes/Seagate%20Thunderbolt%20Drive/Music/Michael%20Jackson%20f.%20Vincent%20Price/Unknown%20Album/Thriller%202011%20(J.%20Casablanca%20Instrumental%20Mix).mp3
87404,Thriller 2011 (J. Casablanca Mix Dub Mix),Michael Jackson f. Vincent Price,,Halloween,2020-07-27 09:57:19,0,file:///Volumes/Seagate%20Thunderbolt%20Drive/Music/Michael%20Jackson%20f.%20Vincent%20Price/Unknown%20Album/Thriller%202011%20(J.%20Casablanca%20Mix%20Dub%20Mix).mp3
87406,Thriller 2011 (J. Casablanca Radio Mix),Michael Jackson f. Vincent Price,,Halloween,2020-07-27 02:04:55,0,file:///Volumes/Seagate%20Thunderbolt%20Drive/Music/Michael%20Jackson%20f.%20Vincent%20Price/Unknown%20Album/Thriller%202011%20(J.%20Casablanca%20Radio%20Mix).mp3
87408,Thriller 2012 (J. Casablanca Club Mix),Michael Jackson f. Vincent Price,,Halloween,2020-07-19 16:23:00,0,file:///Volumes/Seagate%20Thunderbolt%20Drive/Music/Michael%20Jackson%20f.%20Vincent%20Price/Unknown%20Album/Thriller%202012%20(J.%20Casablanca%20Club%20Mix).mp3
87410,Thriller 2013 (DJ Brazzabelle Festival Mix),Michael Jackson f. Vincent Price,,Halloween,2020-08-01 01:57:44,0,file:///Volumes/Seagate%20Thunderbolt%20Drive/Music/Michael%20Jackson%20f.%20Vincent%20Price/Unknown%20Album/Thriller%202013%20(DJ%20Brazzabelle%20Festival%20Mix).mp3
87412,Thriller 2013 (Jordan Crisp Club Mix),Michael Jackson f. Vincent Price,,Halloween,2020-07-24 04:55:18,0,file:///Volumes/Seagate%20Thunderbolt%20Drive/Music/Michael%20Jackson%20f.%20Vincent%20Price/Unknown%20Album/Thriller%202013%20(Jordan%20Crisp%20Club%20Mix).mp3
87414,Monster - 5A,Michael Jackson ft 50 Cent,,R&B/ Hip Hop,2020-07-19 06:42:02,0,file:///Volumes/Seagate%20Thunderbolt%20Drive/Music/Michael%20Jackson%20ft%2050%20Cent/Unknown%20Album/Monster%20-%205A.mp3
28188,Smooth Criminal vs. Temperature (DJ Inferno Mash-Up Mix),(Michael Jackson vs. Sean Paul),,,2020-08-10 02:04:24,0,file:///Volumes/Seagate%20Thunderbolt%20Drive/Music/(Michael%20Jackson%20vs.%20Sean%20Paul)/Unknown%20Album/Smooth%20Criminal%20vs.%20Temperature%20(DJ%20Inferno%20Mash-Up%20Mix).mp3
99298,Somebody's Watching Me (Extended),Rockwell f. Michael Jackson,,Halloween,2020-08-03 17:33:20,0,file:///Volumes/Seagate%20Thunderbolt%20Drive/Music/Rockwell%20f.%20Michael%20Jackson/Unknown%20Album/Somebody's%20Watching%20Me%20(Extended).mp3
99300,Somebody's Watching Me (Instrumental),Rockwell f. Michael Jackson,,Halloween,2020-07-22 08:10:49,0,file:///Volumes/Seagate%20Thunderbolt%20Drive/Music/Rockwell%20f.%20Michael%20Jackson/Unknown%20Album/Somebody's%20Watching%20Me%20(Instrumental).mp3
99302,Somebody's Watching Me (Radio Edit),Rockwell f. Michael Jackson,,Halloween,2020-07-27 21:42:24,0,file:///Volumes/Seagate%20Thunderbolt%20Drive/Music/Rockwell%20f.%20Michael%20Jackson/Unknown%20Album/Somebody's%20Watching%20Me%20(Radio%20Edit).mp3
99304,Somebody's Watching Me (Remix),Rockwell f. Michael Jackson,,Halloween,2020-08-13 20:51:31,0,file:///Volumes/Seagate%20Thunderbolt%20Drive/Music/Rockwell%20f.%20Michael%20Jackson/Unknown%20Album/Somebody's%20Watching%20Me%20(Remix).mp3
99306,Somebody's Watching Me 2011 (Lanfree Club Mix),Rockwell f. Michael Jackson,,Halloween,2020-08-16 12:10:18,0,file:///Volumes/Seagate%20Thunderbolt%20Drive/Music/Rockwell%20f.%20Michael%20Jackson/Unknown%20Album/Somebody's%20Watching%20Me%202011%20(Lanfree%20Club%20Mix).mp3
87398,Thriller 2011 (J. Casablanca Club Mix 1),Michael Jackson f. Vincent Price,,Halloween,2020-07-31 16:34:14,0,file:///Volumes/Seagate%20Thunderbolt%20Drive/Music/Michael%20Jackson%20f.%20Vincent%20Price/Unknown%20Album/Thriller%202011%20(J.%20Casablanca%20Club%20Mix%201).mp3
87362,Thriller '02 (Add 2 Basket Mix),Michael Jackson f. Vincent Price,,Halloween,2020-08-11 15:44:08,0,file:///Volumes/Seagate%20Thunderbolt%20Drive/Music/Michael%20Jackson%20f.%20Vincent%20Price/Unknown%20Album/Thriller%20'02%20(Add%202%20Basket%20Mix).mp3
87364,Thriller '02 (DJ KC Dream Mix),Michael Jackson f. Vincent Price,,Halloween,2020-08-01 04:51:02,0,file:///Volumes/Seagate%20Thunderbolt%20Drive/Music/Michael%20Jackson%20f.%20Vincent%20Price/Unknown%20Album/Thriller%20'02%20(DJ%20KC%20Dream%20Mix).mp3
87358,Love Never Felt So Good (Remix) (Radio Edit),Michael Jackson f. Justin Timberlake,,Urban,2020-07-22 22:42:32,0,file:///Volumes/Seagate%20Thunderbolt%20Drive/Music/Michael%20Jackson%20f.%20Justin%20Timberlake/Unknown%20Album/Love%20Never%20Felt%20So%20Good%20(Remix)%20(Radio%20Edit).mp3
87322,Here I am (come and take me),Michael Jackson And The Jackson 5,Farewell My Summer Love,Pop,2020-08-16 15:56:45,0,file:///Volumes/Seagate%20Thunderbolt%20Drive/Music/Michael%20Jackson%20And%20The%20Jackson%205/Farewell%20My%20Summer%20Love/08%20Here%20I%20am%20(come%20and%20take%20me).mp3
87320,Call on Me,Michael Jackson And The Jackson 5,Farewell My Summer Love,Pop,2020-08-04 21:59:42,0,file:///Volumes/Seagate%20Thunderbolt%20Drive/Music/Michael%20Jackson%20And%20The%20Jackson%205/Farewell%20My%20Summer%20Love/07%20Call%20on%20Me.mp3
87318,Farewell My Summer Love,Michael Jackson And The Jackson 5,Farewell My Summer Love,Pop,2020-08-05 08:12:19,0,file:///Volumes/Seagate%20Thunderbolt%20Drive/Music/Michael%20Jackson%20And%20The%20Jackson%205/Farewell%20My%20Summer%20Love/06%20Farewell%20My%20Summer%20Love.mp3
87316,Girl you're so together,Michael Jackson And The Jackson 5,Farewell My Summer Love,Pop,2020-08-07 07:32:39,0,file:///Volumes/Seagate%20Thunderbolt%20Drive/Music/Michael%20Jackson%20And%20The%20Jackson%205/Farewell%20My%20Summer%20Love/05%20Girl%20you're%20so%20together.mp3
87314,Touch the one you love,Michael Jackson And The Jackson 5,Farewell My Summer Love,Pop,2020-08-13 16:16:29,0,file:///Volumes/Seagate%20Thunderbolt%20Drive/Music/Michael%20Jackson%20And%20The%20Jackson%205/Farewell%20My%20Summer%20Love/04%20Touch%20the%20one%20you%20love.mp3
87312,Melodie,Michael Jackson And The Jackson 5,Farewell My Summer Love,Pop,2020-07-23 03:51:03,0,file:///Volumes/Seagate%20Thunderbolt%20Drive/Music/Michael%20Jackson%20And%20The%20Jackson%205/Farewell%20My%20Summer%20Love/03%20Melodie.mp3
87360,The Girl Is Mine (Radio Edit),Michael Jackson f. Paul McCartney,,Classic 80's Music,2020-08-10 17:24:43,0,file:///Volumes/Seagate%20Thunderbolt%20Drive/Music/Michael%20Jackson%20f.%20Paul%20McCartney/Unknown%20Album/The%20Girl%20Is%20Mine%20(Radio%20Edit).mp3
87310,You really got a hold on me,Michael Jackson And The Jackson 5,Farewell My Summer Love,Pop,2020-08-14 09:12:10,0,file:///Volumes/Seagate%20Thunderbolt%20Drive/Music/Michael%20Jackson%20And%20The%20Jackson%205/Farewell%20My%20Summer%20Love/02%20You%20really%20got%20a%20hold%20on%20me.mp3
87306,Blame It On The Boogie,Michael Jackson & The Jackson Five,,Disco Hits,2020-08-11 11:48:29,0,file:///Volumes/Seagate%20Thunderbolt%20Drive/Music/Michael%20Jackson%20&%20The%20Jackson%20Five/Unknown%20Album/Blame%20It%20On%20The%20Boogie.mp3
117796,Farewell My Summer Love,Michael Jackson,Now Thats What I Call Music - 04,Pop,2020-07-19 12:19:37,0,file:///Volumes/Seagate%20Thunderbolt%20Drive/Music/Various%20Artiist/Now%20Thats%20What%20I%20Call%20Music%20-%2004/07%20Farewell%20My%20Summer%20Love.mp3
51456,Ease On Down The Road (From The Wiz) (Radio Edit),Diana Ross & Michael Jackson,,Classic 70's Music,2020-08-04 06:46:30,0,file:///Volumes/Seagate%20Thunderbolt%20Drive/Music/Diana%20Ross%20&%20Michael%20Jackson/Unknown%20Album/Ease%20On%20Down%20The%20Road%20(From%20The%20Wiz)%20(Radio%20Edit).mp3
51454,Ease On Down The Road (From The Wiz) (Part 3),Diana Ross & Michael Jackson,,Classic 70's Music,2020-08-05 05:06:54,0,file:///Volumes/Seagate%20Thunderbolt%20Drive/Music/Diana%20Ross%20&%20Michael%20Jackson/Unknown%20Album/Ease%20On%20Down%20The%20Road%20(From%20The%20Wiz)%20(Part%203).mp3
51452,Ease On Down The Road (From The Wiz) (Part 2),Diana Ross & Michael Jackson,,Classic 70's Music,2020-07-29 02:51:44,0,file:///Volumes/Seagate%20Thunderbolt%20Drive/Music/Diana%20Ross%20&%20Michael%20Jackson/Unknown%20Album/Ease%20On%20Down%20The%20Road%20(From%20The%20Wiz)%20(Part%202).mp3
51450,Ease On Down The Road (From The Wiz) (Part 1),Diana Ross & Michael Jackson,,Classic 70's Music,2020-07-21 15:29:54,0,file:///Volumes/Seagate%20Thunderbolt%20Drive/Music/Diana%20Ross%20&%20Michael%20Jackson/Unknown%20Album/Ease%20On%20Down%20The%20Road%20(From%20The%20Wiz)%20(Part%201).mp3
87308,Don'T Let It Get You Down,Michael Jackson And The Jackson 5,Farewell My Summer Love,Pop,2020-07-28 16:56:36,0,file:///Volumes/Seagate%20Thunderbolt%20Drive/Music/Michael%20Jackson%20And%20The%20Jackson%205/Farewell%20My%20Summer%20Love/01%20Don'T%20Let%20It%20Get%20You%20Down.mp3
87326,Jam (Atlanta Techno Dub Mix),Michael Jackson f. Heavy D,,Classic 90's Music,2020-07-27 08:09:59,0,file:///Volumes/Seagate%20Thunderbolt%20Drive/Music/Michael%20Jackson%20f.%20Heavy%20D/Unknown%20Album/Jam%20(Atlanta%20Techno%20Dub%20Mix).mp3
87324,To make my father proud,Michael Jackson And The Jackson 5,Farewell My Summer Love,Pop,2020-08-08 02:44:13,0,file:///Volumes/Seagate%20Thunderbolt%20Drive/Music/Michael%20Jackson%20And%20The%20Jackson%205/Farewell%20My%20Summer%20Love/09%20To%20make%20my%20father%20proud.mp3
87330,Jam (Extended),Michael Jackson f. Heavy D,,Classic 90's Music,2020-08-01 06:20:23,0,file:///Volumes/Seagate%20Thunderbolt%20Drive/Music/Michael%20Jackson%20f.%20Heavy%20D/Unknown%20Album/Jam%20(Extended).mp3
87356,Love Never Felt So Good (Remix) (Quick Mix) (Clean),Michael Jackson f. Justin Timberlake,,Urban,2020-07-21 18:51:33,0,file:///Volumes/Seagate%20Thunderbolt%20Drive/Music/Michael%20Jackson%20f.%20Justin%20Timberlake/Unknown%20Album/Love%20Never%20Felt%20So%20Good%20(Remix)%20(Quick%20Mix)%20(Clean).mp3
87354,Love Never Felt So Good (Remix) (DJ Intro - DJ Outro) (Clean),Michael Jackson f. Justin Timberlake,,Urban,2020-07-28 20:50:08,0,file:///Volumes/Seagate%20Thunderbolt%20Drive/Music/Michael%20Jackson%20f.%20Justin%20Timberlake/Unknown%20Album/Love%20Never%20Felt%20So%20Good%20(Remix)%20(DJ%20Intro%20-%20DJ%20Outro)%20(Clean).mp3
87352,Love Never Felt So Good (Remix) (DJ Intro - DJ Outro 2) (Clean),Michael Jackson f. Justin Timberlake,,Urban,2020-07-30 04:07:25,0,file:///Volumes/Seagate%20Thunderbolt%20Drive/Music/Michael%20Jackson%20f.%20Justin%20Timberlake/Unknown%20Album/Love%20Never%20Felt%20So%20Good%20(Remix)%20(DJ%20Intro%20-%20DJ%20Outro%202)%20(Clean).mp3
87350,Jam (Teddy Riley Remix),Michael Jackson f. Heavy D,,Classic 90's Music,2020-07-20 21:16:12,0,file:///Volumes/Seagate%20Thunderbolt%20Drive/Music/Michael%20Jackson%20f.%20Heavy%20D/Unknown%20Album/Jam%20(Teddy%20Riley%20Remix).mp3
87328,Jam (E-Smoove Jazzy Jam Mix),Michael Jackson f. Heavy D,,Classic 90's Music,2020-07-19 22:17:13,0,file:///Volumes/Seagate%20Thunderbolt%20Drive/Music/Michael%20Jackson%20f.%20Heavy%20D/Unknown%20Album/Jam%20(E-Smoove%20Jazzy%20Jam%20Mix).mp3
87346,Jam (Steve 'Silk' Hurley Silky Club Mix),Michael Jackson f. Heavy D,,Classic 90's Music,2020-08-12 07:25:25,0,file:///Volumes/Seagate%20Thunderbolt%20Drive/Music/Michael%20Jackson%20f.%20Heavy%20D/Unknown%20Album/Jam%20(Steve%20'Silk'%20Hurley%20Silky%20Club%20Mix).mp3
87348,Jam (Steve 'Silk' Hurley Silky Radio Mix),Michael Jackson f. Heavy D,,Classic 90's Music,2020-07-28 00:28:17,0,file:///Volumes/Seagate%20Thunderbolt%20Drive/Music/Michael%20Jackson%20f.%20Heavy%20D/Unknown%20Album/Jam%20(Steve%20'Silk'%20Hurley%20Silky%20Radio%20Mix).mp3
87342,Jam (Roger Sanchez Jeep Radio Mix),Michael Jackson f. Heavy D,,Classic 90's Music,2020-08-04 09:45:59,0,file:///Volumes/Seagate%20Thunderbolt%20Drive/Music/Michael%20Jackson%20f.%20Heavy%20D/Unknown%20Album/Jam%20(Roger%20Sanchez%20Jeep%20Radio%20Mix).mp3
87340,Jam (Roger Sanchez Jeep Mix),Michael Jackson f. Heavy D,,Classic 90's Music,2020-08-04 06:55:41,0,file:///Volumes/Seagate%20Thunderbolt%20Drive/Music/Michael%20Jackson%20f.%20Heavy%20D/Unknown%20Album/Jam%20(Roger%20Sanchez%20Jeep%20Mix).mp3
87338,Jam (Roger Sanchez Club Radio Mix),Michael Jackson f. Heavy D,,Classic 90's Music,2020-07-28 17:36:02,0,file:///Volumes/Seagate%20Thunderbolt%20Drive/Music/Michael%20Jackson%20f.%20Heavy%20D/Unknown%20Album/Jam%20(Roger%20Sanchez%20Club%20Radio%20Mix).mp3
87336,Jam (Roger Sanchez Club Mix),Michael Jackson f. Heavy D,,Classic 90's Music,2020-07-26 03:39:07,0,file:///Volumes/Seagate%20Thunderbolt%20Drive/Music/Michael%20Jackson%20f.%20Heavy%20D/Unknown%20Album/Jam%20(Roger%20Sanchez%20Club%20Mix).mp3
87334,Jam (Radio Edit),Michael Jackson f. Heavy D,,Classic 90's Music,2020-07-31 22:40:39,0,file:///Volumes/Seagate%20Thunderbolt%20Drive/Music/Michael%20Jackson%20f.%20Heavy%20D/Unknown%20Album/Jam%20(Radio%20Edit).mp3
87332,Jam (More Than Enuff Mix),Michael Jackson f. Heavy D,,Classic 90's Music,2020-07-19 03:22:12,0,file:///Volumes/Seagate%20Thunderbolt%20Drive/Music/Michael%20Jackson%20f.%20Heavy%20D/Unknown%20Album/Jam%20(More%20Than%20Enuff%20Mix).mp3
87344,Jam (Roger Sanchez Underground Mix),Michael Jackson f. Heavy D,,Classic 90's Music,2020-07-21 20:58:17,0,file:///Volumes/Seagate%20Thunderbolt%20Drive/Music/Michael%20Jackson%20f.%20Heavy%20D/Unknown%20Album/Jam%20(Roger%20Sanchez%20Underground%20Mix).mp3
130818,The Way You Make Me Feel,Michael Jackson,Bad (Special Edition) [REMST],Pop,2020-08-05 03:15:48,0,file:///Volumes/Seagate%20Thunderbolt%20Drive/Music/Michael%20Jackson/Bad%20(Special%20Edition)%20%5BREMST%5D/02%20The%20Way%20You%20Make%20Me%20Feel.mp3
130824,Just Good Friends (Vocal Duet With Michael Jackson And Stevie Wonder),Michael Jackson,Bad (Special Edition) [REMST],Pop,2020-08-04 12:47:19,0,file:///Volumes/Seagate%20Thunderbolt%20Drive/Music/Michael%20Jackson/Bad%20(Special%20Edition)%20%5BREMST%5D/05%20Just%20Good%20Friends%20(Vocal%20Duet%20With%20Michael%20Jackson%20And%20Stevie%20Wonder).mp3
130822,Liberian Girl,Michael Jackson,Bad (Special Edition) [REMST],Pop,2020-08-12 15:58:42,0,file:///Volumes/Seagate%20Thunderbolt%20Drive/Music/Michael%20Jackson/Bad%20(Special%20Edition)%20%5BREMST%5D/04%20Liberian%20Girl.mp3
130820,Speed Demon,Michael Jackson,Bad (Special Edition) [REMST],Pop,2020-07-22 22:54:38,0,file:///Volumes/Seagate%20Thunderbolt%20Drive/Music/Michael%20Jackson/Bad%20(Special%20Edition)%20%5BREMST%5D/03%20Speed%20Demon.mp3
130816,Bad,Michael Jackson,Bad (Special Edition) [REMST],Pop,2020-08-14 02:48:17,0,file:///Volumes/Seagate%20Thunderbolt%20Drive/Music/Michael%20Jackson/Bad%20(Special%20Edition)%20%5BREMST%5D/01%20Bad.mp3
130814,Leave Me Alone,Michael Jackson,Bad,Pop,2020-07-23 09:34:33,0,file:///Volumes/Seagate%20Thunderbolt%20Drive/Music/Michael%20Jackson/Bad/11%20Leave%20Me%20Alone.mp3
130812,Smooth Criminal,Michael Jackson,Bad,Pop,2020-08-14 22:27:15,0,file:///Volumes/Seagate%20Thunderbolt%20Drive/Music/Michael%20Jackson/Bad/10%20Smooth%20Criminal.mp3
130810,I Just Can't Stop Loving You,Michael Jackson,Bad,Pop,2020-08-01 06:54:37,0,file:///Volumes/Seagate%20Thunderbolt%20Drive/Music/Michael%20Jackson/Bad/08%20I%20Just%20Can't%20Stop%20Loving%20You.mp3
130808,Another Part Of Me,Michael Jackson,Bad,Pop,2020-07-19 21:05:27,0,file:///Volumes/Seagate%20Thunderbolt%20Drive/Music/Michael%20Jackson/Bad/06%20Another%20Part%20Of%20Me.mp3
130806,Just Good Friends,Michael Jackson,Bad,Pop,2020-08-05 09:29:30,0,file:///Volumes/Seagate%20Thunderbolt%20Drive/Music/Michael%20Jackson/Bad/05%20Just%20Good%20Friends.mp3
131192,Didn't Mean To Hurt You,Michael Jackson,The Ultimate Collection,Classic Soul,2020-08-07 11:11:02,0,file:///Volumes/Seagate%20Thunderbolt%20Drive/Music/Michael%20Jackson/The%20Ultimate%20Collection/03%20Didn't%20Mean%20To%20Hurt%20You.mp3
131190,Tease Me,Michael Jackson,The Ultimate Collection,Classic Soul,2020-07-24 00:54:09,0,file:///Volumes/Seagate%20Thunderbolt%20Drive/Music/Michael%20Jackson/The%20Ultimate%20Collection/02%20Tease%20Me.mp3
131188,Why,Michael Jackson,The Ultimate Collection,Classic Soul,2020-07-30 17:59:38,0,file:///Volumes/Seagate%20Thunderbolt%20Drive/Music/Michael%20Jackson/The%20Ultimate%20Collection/01%20Why.mp3
131186,Give In To Me,Michael Jackson,The Ultimate Collection,Classic Soul,2020-08-08 04:43:38,0,file:///Volumes/Seagate%20Thunderbolt%20Drive/Music/Michael%20Jackson/The%20Ultimate%20Collection/01%20Give%20In%20To%20Me.mp3
131184,Trouble,Michael Jackson,The Ultimate Collection,Classic Soul,2020-08-04 17:31:07,0,file:///Volumes/Seagate%20Thunderbolt%20Drive/Music/Michael%20Jackson/The%20Ultimate%20Collection/Trouble.mp3
131182,This Place Hotel,Michael Jackson,The Ultimate Collection,Classic Soul,2020-08-14 07:44:38,0,file:///Volumes/Seagate%20Thunderbolt%20Drive/Music/Michael%20Jackson/The%20Ultimate%20Collection/This%20Place%20Hotel.mp3
131178,Stranger In Moscow,Michael Jackson,The Ultimate Collection,Classic Soul,2020-07-24 03:05:41,0,file:///Volumes/Seagate%20Thunderbolt%20Drive/Music/Michael%20Jackson/The%20Ultimate%20Collection/Stranger%20In%20Moscow.mp3
131194,Shout,Michael Jackson,The Ultimate Collection,Classic Soul,2020-08-03 06:34:22,0,file:///Volumes/Seagate%20Thunderbolt%20Drive/Music/Michael%20Jackson/The%20Ultimate%20Collection/04%20Shout.mp3
131176,State Of Shock (Ft. Mick Jagge,Michael Jackson,The Ultimate Collection,Classic Soul,2020-08-17 00:03:49,0,file:///Volumes/Seagate%20Thunderbolt%20Drive/Music/Michael%20Jackson/The%20Ultimate%20Collection/State%20Of%20Shock%20(Ft.%20Mick%20Jagge.mp3
131174,Satisfy You,Michael Jackson,The Ultimate Collection,Classic Soul,2020-07-31 00:27:23,0,file:///Volumes/Seagate%20Thunderbolt%20Drive/Music/Michael%20Jackson/The%20Ultimate%20Collection/Satisfy%20You.mp3
131172,Lovely One,Michael Jackson,The Ultimate Collection,Classic Soul,2020-08-02 09:12:29,0,file:///Volumes/Seagate%20Thunderbolt%20Drive/Music/Michael%20Jackson/The%20Ultimate%20Collection/Lovely%20One.mp3
131170,Billie Jean (Underground Club Mix),Michael Jackson,Thriller [25th Anniversary Edition Bonus Track] Disc 1,Classic Soul,2020-08-02 20:57:51,0,file:///Volumes/Seagate%20Thunderbolt%20Drive/Music/Michael%20Jackson/Thriller%20%5B25th%20Anniversary%20Edition%20Bonus%20Track%5D%20Disc%201/17%20Billie%20Jean%20(Underground%20Club%20Mix).mp3
131168,For All Time [From Original Thriller Sessions],Michael Jackson,Thriller [25th Anniversary Edition Bonus Track] Disc 1,Classic Soul,2020-07-26 16:01:53,0,file:///Volumes/Seagate%20Thunderbolt%20Drive/Music/Michael%20Jackson/Thriller%20%5B25th%20Anniversary%20Edition%20Bonus%20Track%5D%20Disc%201/16%20For%20All%20Time%20%5BFrom%20Original%20Thriller%20Sessions%5D.mp3
131180,Sunset Driver (Demo),Michael Jackson,The Ultimate Collection,Classic Soul,2020-08-03 20:05:02,0,file:///Volumes/Seagate%20Thunderbolt%20Drive/Music/Michael%20Jackson/The%20Ultimate%20Collection/Sunset%20Driver%20(Demo).mp3
131196,What Will It Take,Michael Jackson,The Ultimate Collection,Classic Soul,2020-07-20 14:57:19,0,file:///Volumes/Seagate%20Thunderbolt%20Drive/Music/Michael%20Jackson/The%20Ultimate%20Collection/04%20What%20Will%20It%20Take.mp3
131200,Ease On Down The Road,Michael Jackson,The Ultimate Collection,Classic Soul,2020-07-26 18:28:28,0,file:///Volumes/Seagate%20Thunderbolt%20Drive/Music/Michael%20Jackson/The%20Ultimate%20Collection/09%20Ease%20On%20Down%20The%20Road.mp3
131166,Billie Jean [Kanye West Mix],Michael Jackson,Thriller [25th Anniversary Edition Bonus Track] Disc 1,Classic Soul,2020-07-22 10:21:59,0,file:///Volumes/Seagate%20Thunderbolt%20Drive/Music/Michael%20Jackson/Thriller%20%5B25th%20Anniversary%20Edition%20Bonus%20Track%5D%20Disc%201/15%20Billie%20Jean%20%5BKanye%20West%20Mix%5D.mp3
131202,Workin' Day And Night (original demo from 1978),Michael Jackson,The Ultimate Collection,Classic Soul,2020-08-14 07:35:31,0,file:///Volumes/Seagate%20Thunderbolt%20Drive/Music/Michael%20Jackson/The%20Ultimate%20Collection/16%20Workin'%20Day%20And%20Night%20(original%20demo%20from%201978).mp3
131204,I Want You Back,Michael Jackson,The Ultimate Collection (disc ,Pop,2020-08-05 07:09:46,0,file:///Volumes/Seagate%20Thunderbolt%20Drive/Music/Michael%20Jackson/The%20Ultimate%20Collection%20(disc/01%20I%20Want%20You%20Back.mp3
131206,The Girl Is Mine,Michael Jackson,The Ultimate Collection (disc ,Pop,2020-07-26 12:38:19,0,file:///Volumes/Seagate%20Thunderbolt%20Drive/Music/Michael%20Jackson/The%20Ultimate%20Collection%20(disc/02%20The%20Girl%20Is%20Mine.mp3
131208,Stranger In Moscow,Michael Jackson,The Ultimate Collection (disc ,Pop,2020-07-19 06:49:56,0,file:///Volumes/Seagate%20Thunderbolt%20Drive/Music/Michael%20Jackson/The%20Ultimate%20Collection%20(disc/02%20Stranger%20In%20Moscow.mp3
131210,Childhood (Theme From 'Free Wi,Michael Jackson,The Ultimate Collection (disc ,Pop,2020-08-11 14:16:02,0,file:///Volumes/Seagate%20Thunderbolt%20Drive/Music/Michael%20Jackson/The%20Ultimate%20Collection%20(disc/03%20Childhood%20(Theme%20From%20'Free%20Wi.mp3
131212,I'll Be There,Michael Jackson,The Ultimate Collection (disc ,Pop,2020-07-20 07:13:13,0,file:///Volumes/Seagate%20Thunderbolt%20Drive/Music/Michael%20Jackson/The%20Ultimate%20Collection%20(disc/03%20I'll%20Be%20There.mp3
131214,Man In The Mirror,Michael Jackson,The Ultimate Collection (disc ,Pop,2020-08-05 05:28:46,0,file:///Volumes/Seagate%20Thunderbolt%20Drive/Music/Michael%20Jackson/The%20Ultimate%20Collection%20(disc/03%20Man%20In%20The%20Mirror.mp3
131216,Thriller,Michael Jackson,The Ultimate Collection (disc ,Pop,2020-08-05 06:56:33,0,file:///Volumes/Seagate%20Thunderbolt%20Drive/Music/Michael%20Jackson/The%20Ultimate%20Collection%20(disc/03%20Thriller.mp3
131218,Beat It,Michael Jackson,The Ultimate Collection (disc ,Pop,2020-07-31 08:59:45,0,file:///Volumes/Seagate%20Thunderbolt%20Drive/Music/Michael%20Jackson/The%20Ultimate%20Collection%20(disc/04%20Beat%20It.mp3
131220,I Just Can't Stop Living You,Michael Jackson,The Ultimate Collection (disc ,Pop,2020-08-17 05:26:29,0,file:///Volumes/Seagate%20Thunderbolt%20Drive/Music/Michael%20Jackson/The%20Ultimate%20Collection%20(disc/04%20I%20Just%20Can't%20Stop%20Living%20You.mp3
131222,On The Line,Michael Jackson,The Ultimate Collection (disc ,Pop,2020-07-30 02:09:34,0,file:///Volumes/Seagate%20Thunderbolt%20Drive/Music/Michael%20Jackson/The%20Ultimate%20Collection%20(disc/04%20On%20The%20Line.mp3
131224,Billie Jean,Michael Jackson,The Ultimate Collection (disc ,Pop,2020-07-26 08:22:30,0,file:///Volumes/Seagate%20Thunderbolt%20Drive/Music/Michael%20Jackson/The%20Ultimate%20Collection%20(disc/05%20Billie%20Jean.mp3
131226,Blood On The Dance Floor,Michael Jackson,The Ultimate Collection (disc ,Pop,2020-07-30 11:15:35,0,file:///Volumes/Seagate%20Thunderbolt%20Drive/Music/Michael%20Jackson/The%20Ultimate%20Collection%20(disc/05%20Blood%20On%20The%20Dance%20Floor.mp3
131198,If You Don't Love Me,Michael Jackson,The Ultimate Collection,Classic Soul,2020-07-27 04:50:26,0,file:///Volumes/Seagate%20Thunderbolt%20Drive/Music/Michael%20Jackson/The%20Ultimate%20Collection/06%20If%20You%20Don't%20Love%20Me.mp3
131164,P.Y.T. (Pretty Young Thing) [will.I.am],Michael Jackson,Thriller [25th Anniversary Edition Bonus Track] Disc 1,Classic Soul,2020-07-29 23:13:18,0,file:///Volumes/Seagate%20Thunderbolt%20Drive/Music/Michael%20Jackson/Thriller%20%5B25th%20Anniversary%20Edition%20Bonus%20Track%5D%20Disc%201/12%20P.Y.T.%20(Pretty%20Young%20Thing)%20%5Bwill.I.am%5D.mp3
131160,The Lady in My Life,Michael Jackson,Thriller [25th Anniversary Edition Bonus Track] Disc 1,Classic Soul,2020-08-08 09:57:06,0,file:///Volumes/Seagate%20Thunderbolt%20Drive/Music/Michael%20Jackson/Thriller%20%5B25th%20Anniversary%20Edition%20Bonus%20Track%5D%20Disc%201/09%20The%20Lady%20in%20My%20Life.mp3
131228,Dirty Diana,Michael Jackson,The Ultimate Collection (disc ,Pop,2020-07-24 20:08:29,0,file:///Volumes/Seagate%20Thunderbolt%20Drive/Music/Michael%20Jackson/The%20Ultimate%20Collection%20(disc/05%20Dirty%20Diana.mp3
131100,Morning Glow,Michael Jackson,Music & Me,R&B,2020-08-14 01:02:19,0,file:///Volumes/Seagate%20Thunderbolt%20Drive/Music/Michael%20Jackson/Music%20&%20Me/09%20Morning%20Glow.mp3
131102,Music & Me,Michael Jackson,Music & Me,R&B,2020-07-29 17:20:10,0,file:///Volumes/Seagate%20Thunderbolt%20Drive/Music/Michael%20Jackson/Music%20&%20Me/10%20Music%20&%20Me.mp3
131104,You Are Not Alone,Michael Jackson,Number Ones,Pop,2020-07-30 15:47:12,0,file:///Volumes/Seagate%20Thunderbolt%20Drive/Music/Michael%20Jackson/Number%20Ones/13%20You%20Are%20Not%20Alone.mp3
131106,You Rock My World,Michael Jackson,Number Ones,Pop,2020-07-28 17:37:58,0,file:///Volumes/Seagate%20Thunderbolt%20Drive/Music/Michael%20Jackson/Number%20Ones/16%20You%20Rock%20My%20World.mp3
131108,One More Chance,Michael Jackson,Number Ones,Pop,2020-08-17 20:15:34,0,file:///Volumes/Seagate%20Thunderbolt%20Drive/Music/Michael%20Jackson/Number%20Ones/17%20One%20More%20Chance.mp3
131110,Workin' Day And Night,Michael Jackson,Off The Wall,Pop,2020-07-19 19:25:20,0,file:///Volumes/Seagate%20Thunderbolt%20Drive/Music/Michael%20Jackson/Off%20The%20Wall/03%20Workin'%20Day%20And%20Night.mp3
131112,Don't Stop 'Til You Get Enough,Michael Jackson,Off the Wall [Bonus Tracks],Classic Soul,2020-07-23 14:01:05,0,file:///Volumes/Seagate%20Thunderbolt%20Drive/Music/Michael%20Jackson/Off%20the%20Wall%20%5BBonus%20Tracks%5D/01%20Don't%20Stop%20'Til%20You%20Get%20Enough.mp3
131114,Rock with You,Michael Jackson,Off the Wall [Bonus Tracks],Classic Soul,2020-07-29 07:49:01,0,file:///Volumes/Seagate%20Thunderbolt%20Drive/Music/Michael%20Jackson/Off%20the%20Wall%20%5BBonus%20Tracks%5D/02%20Rock%20with%20You.mp3
131116,Get on the Floor,Michael Jackson,Off the Wall [Bonus Tracks],Classic Soul,2020-07-25 19:20:41,0,file:///Volumes/Seagate%20Thunderbolt%20Drive/Music/Michael%20Jackson/Off%20the%20Wall%20%5BBonus%20Tracks%5D/04%20Get%20on%20the%20Floor.mp3
131118,Off the Wall,Michael Jackson,Off the Wall [Bonus Tracks],Classic Soul,2020-07-24 19:05:27,0,file:///Volumes/Seagate%20Thunderbolt%20Drive/Music/Michael%20Jackson/Off%20the%20Wall%20%5BBonus%20Tracks%5D/05%20Off%20the%20Wall.mp3
131120,Girlfriend,Michael Jackson,Off the Wall [Bonus Tracks],Classic Soul,2020-07-26 07:52:04,0,file:///Volumes/Seagate%20Thunderbolt%20Drive/Music/Michael%20Jackson/Off%20the%20Wall%20%5BBonus%20Tracks%5D/06%20Girlfriend.mp3
131122,She's Out of My Life,Michael Jackson,Off the Wall [Bonus Tracks],Classic Soul,2020-08-12 23:21:12,0,file:///Volumes/Seagate%20Thunderbolt%20Drive/Music/Michael%20Jackson/Off%20the%20Wall%20%5BBonus%20Tracks%5D/07%20She's%20Out%20of%20My%20Life.mp3
131124,I Can't Help It,Michael Jackson,Off the Wall [Bonus Tracks],Classic Soul,2020-08-03 19:44:38,0,file:///Volumes/Seagate%20Thunderbolt%20Drive/Music/Michael%20Jackson/Off%20the%20Wall%20%5BBonus%20Tracks%5D/08%20I%20Can't%20Help%20It.mp3
131126,It's the Falling in Love,Michael Jackson,Off the Wall [Bonus Tracks],Classic Soul,2020-07-26 02:56:09,0,file:///Volumes/Seagate%20Thunderbolt%20Drive/Music/Michael%20Jackson/Off%20the%20Wall%20%5BBonus%20Tracks%5D/09%20It's%20the%20Falling%20in%20Love.mp3
131162,The Girl Is Mine 2008 [will.I.am],Michael Jackson,Thriller [25th Anniversary Edition Bonus Track] Disc 1,Classic Soul,2020-08-05 16:47:11,0,file:///Volumes/Seagate%20Thunderbolt%20Drive/Music/Michael%20Jackson/Thriller%20%5B25th%20Anniversary%20Edition%20Bonus%20Track%5D%20Disc%201/11%20The%20Girl%20Is%20Mine%202008%20%5Bwill.I.am%5D.mp3
131128,Burn This Disco Out,Michael Jackson,Off the Wall [Bonus Tracks],Classic Soul,2020-07-20 17:10:33,0,file:///Volumes/Seagate%20Thunderbolt%20Drive/Music/Michael%20Jackson/Off%20the%20Wall%20%5BBonus%20Tracks%5D/10%20Burn%20This%20Disco%20Out.mp3
131132,Don't Stop 'Til You Get Enough [Michael Jackson's Original Demo Record],Michael Jackson,Off the Wall [Bonus Tracks],Classic Soul,2020-08-16 13:50:10,0,file:///Volumes/Seagate%20Thunderbolt%20Drive/Music/Michael%20Jackson/Off%20the%20Wall%20%5BBonus%20Tracks%5D/13%20Don't%20Stop%20'Til%20You%20Get%20Enough%20%5BMichael%20Jackson's%20Original%20Demo%20Record%5D.mp3
131134,Working Day and Night [Michael Jackson's Original Demo Recording][#][*],Michael Jackson,Off the Wall [Bonus Tracks],Classic Soul,2020-07-23 20:58:42,0,file:///Volumes/Seagate%20Thunderbolt%20Drive/Music/Michael%20Jackson/Off%20the%20Wall%20%5BBonus%20Tracks%5D/16%20Working%20Day%20and%20Night%20%5BMichael%20Jackson's%20Original%20Demo%20Recording%5D%5B%23%5D%5B_%5D.mp3
131136,Interview with Quincy Jones [*],Michael Jackson,Off the Wall [Bonus Tracks],Classic Soul,2020-07-29 18:49:04,0,file:///Volumes/Seagate%20Thunderbolt%20Drive/Music/Michael%20Jackson/Off%20the%20Wall%20%5BBonus%20Tracks%5D/17%20Interview%20with%20Quincy%20Jones%20%5B_%5D.mp3
131138,Interview with Rod Temperton [*],Michael Jackson,Off the Wall [Bonus Tracks],Classic Soul,2020-08-01 07:12:00,0,file:///Volumes/Seagate%20Thunderbolt%20Drive/Music/Michael%20Jackson/Off%20the%20Wall%20%5BBonus%20Tracks%5D/18%20Interview%20with%20Rod%20Temperton%20%5B_%5D.mp3
131140,Baby Be Mine,Michael Jackson,Thriller,Pop,2020-07-28 16:54:28,0,file:///Volumes/Seagate%20Thunderbolt%20Drive/Music/Michael%20Jackson/Thriller/02%20Baby%20Be%20Mine.mp3
131142,The Girl Is Mine,Michael Jackson,Thriller,Pop,2020-08-16 20:19:19,0,file:///Volumes/Seagate%20Thunderbolt%20Drive/Music/Michael%20Jackson/Thriller/03%20The%20Girl%20Is%20Mine.mp3
131144,Thriller,Michael Jackson,Thriller,Pop,2020-08-09 11:54:41,0,file:///Volumes/Seagate%20Thunderbolt%20Drive/Music/Michael%20Jackson/Thriller/04%20Thriller.mp3
131146,Billie Jean,Michael Jackson,Thriller,Pop,2020-08-14 13:38:56,0,file:///Volumes/Seagate%20Thunderbolt%20Drive/Music/Michael%20Jackson/Thriller/06%20Billie%20Jean.mp3
131148,Human Nature,Michael Jackson,Thriller,Pop,2020-08-09 09:01:39,0,file:///Volumes/Seagate%20Thunderbolt%20Drive/Music/Michael%20Jackson/Thriller/07%20Human%20Nature.mp3
131150,P.Y.T. (Pretty Young Thing),Michael Jackson,Thriller,Pop,2020-07-21 15:28:38,0,file:///Volumes/Seagate%20Thunderbolt%20Drive/Music/Michael%20Jackson/Thriller/08%20P.Y.T.%20(Pretty%20Young%20Thing).mp3
131152,The Lady In My Life,Michael Jackson,Thriller,Pop,2020-08-17 07:07:35,0,file:///Volumes/Seagate%20Thunderbolt%20Drive/Music/Michael%20Jackson/Thriller/09%20The%20Lady%20In%20My%20Life.mp3
131154,Thriller,Michael Jackson,Thriller [25th Anniversary Edition Bonus Track] Disc 1,Classic Soul,2020-08-11 15:59:24,0,file:///Volumes/Seagate%20Thunderbolt%20Drive/Music/Michael%20Jackson/Thriller%20%5B25th%20Anniversary%20Edition%20Bonus%20Track%5D%20Disc%201/04%20Thriller.mp3
131156,Beat It,Michael Jackson,Thriller [25th Anniversary Edition Bonus Track] Disc 1,Classic Soul,2020-08-04 03:09:23,0,file:///Volumes/Seagate%20Thunderbolt%20Drive/Music/Michael%20Jackson/Thriller%20%5B25th%20Anniversary%20Edition%20Bonus%20Track%5D%20Disc%201/05%20Beat%20It.mp3
131158,Human Nature,Michael Jackson,Thriller [25th Anniversary Edition Bonus Track] Disc 1,Classic Soul,2020-08-16 15:25:28,0,file:///Volumes/Seagate%20Thunderbolt%20Drive/Music/Michael%20Jackson/Thriller%20%5B25th%20Anniversary%20Edition%20Bonus%20Track%5D%20Disc%201/07%20Human%20Nature.mp3
131130,[Untitled Track],Michael Jackson,Off the Wall [Bonus Tracks],Classic Soul,2020-07-20 09:40:57,0,file:///Volumes/Seagate%20Thunderbolt%20Drive/Music/Michael%20Jackson/Off%20the%20Wall%20%5BBonus%20Tracks%5D/11%20%5BUntitled%20Track%5D.mp3
131230,I Wanna Be Where You Are,Michael Jackson,The Ultimate Collection (disc ,Pop,2020-08-06 14:46:23,0,file:///Volumes/Seagate%20Thunderbolt%20Drive/Music/Michael%20Jackson/The%20Ultimate%20Collection%20(disc/05%20I%20Wanna%20Be%20Where%20You%20Are.mp3
131306,Scared of the Moon [#][Demo Version],Michael Jackson,The Ultimate Collection Disc 2,Classic Soul,2020-07-22 08:59:33,0,file:///Volumes/Seagate%20Thunderbolt%20Drive/Music/Michael%20Jackson/The%20Ultimate%20Collection%20Disc%202/09%20Scared%20of%20the%20Moon%20%5B%23%5D%5BDemo%20Version%5D.mp3
131234,Fall again (Demo),Michael Jackson,The Ultimate Collection (disc ,Pop,2020-07-26 18:36:19,0,file:///Volumes/Seagate%20Thunderbolt%20Drive/Music/Michael%20Jackson/The%20Ultimate%20Collection%20(disc/06%20Fall%20again%20(Demo).mp3
131304,P.Y.T. (Pretty Young Thing) [#][Demo Version],Michael Jackson,The Ultimate Collection Disc 2,Classic Soul,2020-08-17 00:45:19,0,file:///Volumes/Seagate%20Thunderbolt%20Drive/Music/Michael%20Jackson/The%20Ultimate%20Collection%20Disc%202/06%20P.Y.T.%20(Pretty%20Young%20Thing)%20%5B%23%5D%5BDemo%20Version%5D.mp3
131098,Euphoria,Michael Jackson,Music & Me,R&B,2020-07-27 14:41:49,0,file:///Volumes/Seagate%20Thunderbolt%20Drive/Music/Michael%20Jackson/Music%20&%20Me/08%20Euphoria.mp3
131308,We Are the World [Demo Version],Michael Jackson,The Ultimate Collection Disc 2,Classic Soul,2020-08-04 22:32:16,0,file:///Volumes/Seagate%20Thunderbolt%20Drive/Music/Michael%20Jackson/The%20Ultimate%20Collection%20Disc%202/10%20We%20Are%20the%20World%20%5BDemo%20Version%5D.mp3
131310,We Are Here to Change the World [From Captain Eo][#],Michael Jackson,The Ultimate Collection Disc 2,Classic Soul,2020-07-23 11:18:42,0,file:///Volumes/Seagate%20Thunderbolt%20Drive/Music/Michael%20Jackson/The%20Ultimate%20Collection%20Disc%202/11%20We%20Are%20Here%20to%20Change%20the%20World%20%5BFrom%20Captain%20Eo%5D%5B%23%5D.mp3
131312,I Just Can't Stop Loving You,Michael Jackson,The Ultimate Collection Disc 3,Classic Soul,2020-07-26 23:57:58,0,file:///Volumes/Seagate%20Thunderbolt%20Drive/Music/Michael%20Jackson/The%20Ultimate%20Collection%20Disc%203/04%20I%20Just%20Can't%20Stop%20Loving%20You.mp3
131314,Dirty Diana,Michael Jackson,The Ultimate Collection Disc 3,Classic Soul,2020-07-30 04:22:48,0,file:///Volumes/Seagate%20Thunderbolt%20Drive/Music/Michael%20Jackson/The%20Ultimate%20Collection%20Disc%203/05%20Dirty%20Diana.mp3
131316,Smooth Criminal,Michael Jackson,The Ultimate Collection Disc 3,Classic Soul,2020-07-30 14:58:29,0,file:///Volumes/Seagate%20Thunderbolt%20Drive/Music/Michael%20Jackson/The%20Ultimate%20Collection%20Disc%203/06%20Smooth%20Criminal.mp3
131318,Cheater [#][Demo Version],Michael Jackson,The Ultimate Collection Disc 3,Classic Soul,2020-08-11 10:26:44,0,file:///Volumes/Seagate%20Thunderbolt%20Drive/Music/Michael%20Jackson/The%20Ultimate%20Collection%20Disc%203/07%20Cheater%20%5B%23%5D%5BDemo%20Version%5D.mp3
131320,Dangerous [Early Version][#],Michael Jackson,The Ultimate Collection Disc 3,Classic Soul,2020-07-29 19:14:13,0,file:///Volumes/Seagate%20Thunderbolt%20Drive/Music/Michael%20Jackson/The%20Ultimate%20Collection%20Disc%203/08%20Dangerous%20%5BEarly%20Version%5D%5B%23%5D.mp3
131322,Monkey Business [#],Michael Jackson,The Ultimate Collection Disc 3,Classic Soul,2020-08-01 08:01:42,0,file:///Volumes/Seagate%20Thunderbolt%20Drive/Music/Michael%20Jackson/The%20Ultimate%20Collection%20Disc%203/09%20Monkey%20Business%20%5B%23%5D.mp3
131324,Jam,Michael Jackson,The Ultimate Collection Disc 3,Classic Soul,2020-07-21 13:34:40,0,file:///Volumes/Seagate%20Thunderbolt%20Drive/Music/Michael%20Jackson/The%20Ultimate%20Collection%20Disc%203/10%20Jam.mp3
131326,Black or White,Michael Jackson,The Ultimate Collection Disc 3,Classic Soul,2020-08-08 02:58:06,0,file:///Volumes/Seagate%20Thunderbolt%20Drive/Music/Michael%20Jackson/The%20Ultimate%20Collection%20Disc%203/12%20Black%20or%20White.mp3
131328,Who Is It [Ihs Mix],Michael Jackson,The Ultimate Collection Disc 3,Classic Soul,2020-08-12 19:43:55,0,file:///Volumes/Seagate%20Thunderbolt%20Drive/Music/Michael%20Jackson/The%20Ultimate%20Collection%20Disc%203/13%20Who%20Is%20It%20%5BIhs%20Mix%5D.mp3
131330,"Childhood [Theme from ""Free Willy 2""]",Michael Jackson,The Ultimate Collection Disc 4,Classic Soul,2020-08-16 20:10:20,0,file:///Volumes/Seagate%20Thunderbolt%20Drive/Music/Michael%20Jackson/The%20Ultimate%20Collection%20Disc%204/03%20Childhood%20%5BTheme%20from%20_Free%20Willy%202_%5D.mp3
131302,Sunset Driver [#][Demo Version],Michael Jackson,The Ultimate Collection Disc 1,Classic Soul,2020-08-11 00:50:45,0,file:///Volumes/Seagate%20Thunderbolt%20Drive/Music/Michael%20Jackson/The%20Ultimate%20Collection%20Disc%201/17%20Sunset%20Driver%20%5B%23%5D%5BDemo%20Version%5D.mp3
131332,Blood on the Dance Floor,Michael Jackson,The Ultimate Collection Disc 4,Classic Soul,2020-08-10 14:10:28,0,file:///Volumes/Seagate%20Thunderbolt%20Drive/Music/Michael%20Jackson/The%20Ultimate%20Collection%20Disc%204/05%20Blood%20on%20the%20Dance%20Floor.mp3
131336,In the Back,Michael Jackson,The Ultimate Collection Disc 4,Classic Soul,2020-08-15 07:37:03,0,file:///Volumes/Seagate%20Thunderbolt%20Drive/Music/Michael%20Jackson/The%20Ultimate%20Collection%20Disc%204/07%20In%20the%20Back.mp3
131338,Unbreakable,Michael Jackson,The Ultimate Collection Disc 4,Classic Soul,2020-08-02 17:25:25,0,file:///Volumes/Seagate%20Thunderbolt%20Drive/Music/Michael%20Jackson/The%20Ultimate%20Collection%20Disc%204/08%20Unbreakable.mp3
131340,Beautiful Girl [#][Demo Version],Michael Jackson,The Ultimate Collection Disc 4,Classic Soul,2020-07-19 17:19:12,0,file:///Volumes/Seagate%20Thunderbolt%20Drive/Music/Michael%20Jackson/The%20Ultimate%20Collection%20Disc%204/11%20Beautiful%20Girl%20%5B%23%5D%5BDemo%20Version%5D.mp3
131342,The Way You Love Me [#],Michael Jackson,The Ultimate Collection Disc 4,Classic Soul,2020-07-22 02:24:46,0,file:///Volumes/Seagate%20Thunderbolt%20Drive/Music/Michael%20Jackson/The%20Ultimate%20Collection%20Disc%204/12%20The%20Way%20You%20Love%20Me%20%5B%23%5D.mp3
131344,We've Got Forever [#],Michael Jackson,The Ultimate Collection Disc 4,Classic Soul,2020-08-08 05:49:17,0,file:///Volumes/Seagate%20Thunderbolt%20Drive/Music/Michael%20Jackson/The%20Ultimate%20Collection%20Disc%204/13%20We've%20Got%20Forever%20%5B%23%5D.mp3
131346,We Are The World (Demo),Michael Jackson,The Ultimate Collection(Disc 2),Pop,2020-08-13 16:29:02,0,file:///Volumes/Seagate%20Thunderbolt%20Drive/Music/Michael%20Jackson/The%20Ultimate%20Collection(Disc%202)/10%20We%20Are%20The%20World%20(Demo).mp3
131348,We Are Here To Change The World,Michael Jackson,The Ultimate Collection(Disc 2),Pop,2020-07-21 11:22:31,0,file:///Volumes/Seagate%20Thunderbolt%20Drive/Music/Michael%20Jackson/The%20Ultimate%20Collection(Disc%202)/11%20We%20Are%20Here%20To%20Change%20The%20World.mp3
131350,What More Can I Give,Michael Jackson,Unreleased,Pop,2020-08-09 11:15:39,0,file:///Volumes/Seagate%20Thunderbolt%20Drive/Music/Michael%20Jackson/Unreleased/What%20More%20Can%20I%20Give.mp3
131352,Xscape,Michael Jackson,Unreleased,Classic Soul,2020-08-04 18:39:39,0,file:///Volumes/Seagate%20Thunderbolt%20Drive/Music/Michael%20Jackson/Unreleased/Xscape.mp3
131354,For All Time,Michael Jackson,Unreleased,Classic Soul,2020-07-30 03:48:26,0,file:///Volumes/Seagate%20Thunderbolt%20Drive/Music/Michael%20Jackson/Unreleased/12%20For%20All%20Time.mp3
131356,Beat It,Michael Jackson,12 Inch Mixes,Classic Soul,2020-08-12 00:22:15,0,file:///Volumes/Seagate%20Thunderbolt%20Drive/Music/Michael%20Jackson/12%20Inch%20Mixes/02%20Beat%20It.mp3
131358,Wanna Be Startin' Somethin',Michael Jackson,12 Inch Mixes,Classic Soul,2020-08-11 04:54:06,0,file:///Volumes/Seagate%20Thunderbolt%20Drive/Music/Michael%20Jackson/12%20Inch%20Mixes/03%20Wanna%20Be%20Startin'%20Somethin'.mp3
131360,P.Y.T. (Pretty Young Thing),Michael Jackson,12 Inch Mixes,Classic Soul,2020-08-04 13:05:28,0,file:///Volumes/Seagate%20Thunderbolt%20Drive/Music/Michael%20Jackson/12%20Inch%20Mixes/05%20P.Y.T.%20(Pretty%20Young%20Thing).mp3
131362,Love Never Felt So Good (Radio Edit),Michael Jackson,,R&B,2020-08-04 17:39:16,0,file:///Volumes/Seagate%20Thunderbolt%20Drive/Music/Michael%20Jackson/Unknown%20Album/Love%20Never%20Felt%20So%20Good%20(Radio%20Edit).mp3
131334,Fall Again [#][Demo Version],Michael Jackson,The Ultimate Collection Disc 4,Classic Soul,2020-07-31 05:00:30,0,file:///Volumes/Seagate%20Thunderbolt%20Drive/Music/Michael%20Jackson/The%20Ultimate%20Collection%20Disc%204/06%20Fall%20Again%20%5B%23%5D%5BDemo%20Version%5D.mp3
131232,Ben,Michael Jackson,The Ultimate Collection (disc ,Pop,2020-07-26 14:43:09,0,file:///Volumes/Seagate%20Thunderbolt%20Drive/Music/Michael%20Jackson/The%20Ultimate%20Collection%20(disc/06%20Ben.mp3
131300,"You Can't Win [From ""The Wiz""]",Michael Jackson,The Ultimate Collection Disc 1,Classic Soul,2020-08-02 13:04:06,0,file:///Volumes/Seagate%20Thunderbolt%20Drive/Music/Michael%20Jackson/The%20Ultimate%20Collection%20Disc%201/10%20You%20Can't%20Win%20%5BFrom%20_The%20Wiz_%5D.mp3
131296,You Are Not Alone,Michael Jackson,The Ultimate Collection (disc 4),Pop,2020-08-06 18:39:38,0,file:///Volumes/Seagate%20Thunderbolt%20Drive/Music/Michael%20Jackson/The%20Ultimate%20Collection%20(disc%204)/01%20You%20Are%20Not%20Alone.mp3
131236,P.Y.T. (Pretty Young Thing) (D,Michael Jackson,The Ultimate Collection (disc ,Pop,2020-08-15 20:22:25,0,file:///Volumes/Seagate%20Thunderbolt%20Drive/Music/Michael%20Jackson/The%20Ultimate%20Collection%20(disc/06%20P.Y.T.%20(Pretty%20Young%20Thing)%20(D.mp3
131238,Smooth Criminal,Michael Jackson,The Ultimate Collection (disc ,Pop,2020-07-24 05:20:16,0,file:///Volumes/Seagate%20Thunderbolt%20Drive/Music/Michael%20Jackson/The%20Ultimate%20Collection%20(disc/06%20Smooth%20Criminal.mp3
131240,Cheater (Demo),Michael Jackson,The Ultimate Collection (disc ,Pop,2020-07-30 22:10:26,0,file:///Volumes/Seagate%20Thunderbolt%20Drive/Music/Michael%20Jackson/The%20Ultimate%20Collection%20(disc/07%20Cheater%20(Demo).mp3
131242,Dancing Machine,Michael Jackson,The Ultimate Collection (disc ,Pop,2020-07-26 19:07:46,0,file:///Volumes/Seagate%20Thunderbolt%20Drive/Music/Michael%20Jackson/The%20Ultimate%20Collection%20(disc/07%20Dancing%20Machine.mp3
131244,In the Back,Michael Jackson,The Ultimate Collection (disc ,Pop,2020-08-11 07:52:03,0,file:///Volumes/Seagate%20Thunderbolt%20Drive/Music/Michael%20Jackson/The%20Ultimate%20Collection%20(disc/07%20In%20the%20Back.mp3
131246,Someone In The Dark,Michael Jackson,The Ultimate Collection (disc ,Pop,2020-08-02 19:03:17,0,file:///Volumes/Seagate%20Thunderbolt%20Drive/Music/Michael%20Jackson/The%20Ultimate%20Collection%20(disc/07%20Someone%20In%20The%20Dark.mp3
131248,Dangerous (Early Version),Michael Jackson,The Ultimate Collection (disc ,Pop,2020-08-16 07:01:23,0,file:///Volumes/Seagate%20Thunderbolt%20Drive/Music/Michael%20Jackson/The%20Ultimate%20Collection%20(disc/08%20Dangerous%20(Early%20Version).mp3
131250,Enjoy Yourself,Michael Jackson,The Ultimate Collection (disc ,Pop,2020-08-01 06:27:56,0,file:///Volumes/Seagate%20Thunderbolt%20Drive/Music/Michael%20Jackson/The%20Ultimate%20Collection%20(disc/08%20Enjoy%20Yourself.mp3
131252,State Of Shock,Michael Jackson,The Ultimate Collection (disc ,Pop,2020-08-15 18:34:27,0,file:///Volumes/Seagate%20Thunderbolt%20Drive/Music/Michael%20Jackson/The%20Ultimate%20Collection%20(disc/08%20State%20Of%20Shock.mp3
131254,Unbreakable,Michael Jackson,The Ultimate Collection (disc ,Pop,2020-07-18 23:39:15,0,file:///Volumes/Seagate%20Thunderbolt%20Drive/Music/Michael%20Jackson/The%20Ultimate%20Collection%20(disc/08%20Unbreakable.mp3
131256,Monkey Business,Michael Jackson,The Ultimate Collection (disc ,Pop,2020-07-21 00:22:45,0,file:///Volumes/Seagate%20Thunderbolt%20Drive/Music/Michael%20Jackson/The%20Ultimate%20Collection%20(disc/09%20Monkey%20Business.mp3
131258,Scared Of The Moon (Demo),Michael Jackson,The Ultimate Collection (disc ,Pop,2020-08-03 19:49:01,0,file:///Volumes/Seagate%20Thunderbolt%20Drive/Music/Michael%20Jackson/The%20Ultimate%20Collection%20(disc/09%20Scared%20Of%20The%20Moon%20(Demo).mp3
131260,Butterflies,Michael Jackson,The Ultimate Collection (disc ,Pop,2020-08-12 11:27:22,0,file:///Volumes/Seagate%20Thunderbolt%20Drive/Music/Michael%20Jackson/The%20Ultimate%20Collection%20(disc/10%20Butterflies.mp3
131262,Jam,Michael Jackson,The Ultimate Collection (disc ,Pop,2020-07-25 12:45:44,0,file:///Volumes/Seagate%20Thunderbolt%20Drive/Music/Michael%20Jackson/The%20Ultimate%20Collection%20(disc/10%20Jam.mp3
131298,You Rock My World,Michael Jackson,The Ultimate Collection (disc 4),Pop,2020-08-11 19:22:31,0,file:///Volumes/Seagate%20Thunderbolt%20Drive/Music/Michael%20Jackson/The%20Ultimate%20Collection%20(disc%204)/09%20You%20Rock%20My%20World.mp3
131264,We Are The World(Demo),Michael Jackson,The Ultimate Collection (disc ,Pop,2020-08-03 01:41:20,0,file:///Volumes/Seagate%20Thunderbolt%20Drive/Music/Michael%20Jackson/The%20Ultimate%20Collection%20(disc/10%20We%20Are%20The%20World(Demo).mp3
131268,Beautiful girl (Demo),Michael Jackson,The Ultimate Collection (disc ,Pop,2020-08-14 23:40:39,0,file:///Volumes/Seagate%20Thunderbolt%20Drive/Music/Michael%20Jackson/The%20Ultimate%20Collection%20(disc/11%20Beautiful%20girl%20(Demo).mp3
131270,Shake A Body (Early Demo),Michael Jackson,The Ultimate Collection (disc ,Pop,2020-08-05 21:07:19,0,file:///Volumes/Seagate%20Thunderbolt%20Drive/Music/Michael%20Jackson/The%20Ultimate%20Collection%20(disc/11%20Shake%20A%20Body%20(Early%20Demo).mp3
131272,We Are Here To Change The Worl,Michael Jackson,The Ultimate Collection (disc ,Pop,2020-08-04 11:26:21,0,file:///Volumes/Seagate%20Thunderbolt%20Drive/Music/Michael%20Jackson/The%20Ultimate%20Collection%20(disc/11%20We%20Are%20Here%20To%20Change%20The%20Worl.mp3
131274,Black Or White,Michael Jackson,The Ultimate Collection (disc ,Pop,2020-08-04 19:38:06,0,file:///Volumes/Seagate%20Thunderbolt%20Drive/Music/Michael%20Jackson/The%20Ultimate%20Collection%20(disc/12%20Black%20Or%20White.mp3
131276,Shake Your Body,Michael Jackson,The Ultimate Collection (disc ,Pop,2020-07-30 05:03:20,0,file:///Volumes/Seagate%20Thunderbolt%20Drive/Music/Michael%20Jackson/The%20Ultimate%20Collection%20(disc/12%20Shake%20Your%20Body.mp3
131278,The Way You Love Me,Michael Jackson,The Ultimate Collection (disc ,Pop,2020-08-03 21:24:05,0,file:///Volumes/Seagate%20Thunderbolt%20Drive/Music/Michael%20Jackson/The%20Ultimate%20Collection%20(disc/12%20The%20Way%20You%20Love%20Me.mp3
131280,We've Had Enough,Michael Jackson,The Ultimate Collection (disc ,Pop,2020-08-14 11:47:09,0,file:///Volumes/Seagate%20Thunderbolt%20Drive/Music/Michael%20Jackson/The%20Ultimate%20Collection%20(disc/13%20We've%20Had%20Enough.mp3
131282,Who Is It (IHS Mix),Michael Jackson,The Ultimate Collection (disc ,Pop,2020-07-25 04:22:55,0,file:///Volumes/Seagate%20Thunderbolt%20Drive/Music/Michael%20Jackson/The%20Ultimate%20Collection%20(disc/13%20Who%20Is%20It%20(IHS%20Mix).mp3
131284,Someone Put Your Hand Out,Michael Jackson,The Ultimate Collection (disc ,Pop,2020-08-02 08:40:19,0,file:///Volumes/Seagate%20Thunderbolt%20Drive/Music/Michael%20Jackson/The%20Ultimate%20Collection%20(disc/14%20Someone%20Put%20Your%20Hand%20Out.mp3
131286,Off The Wall,Michael Jackson,The Ultimate Collection (disc ,Pop,2020-07-19 18:30:36,0,file:///Volumes/Seagate%20Thunderbolt%20Drive/Music/Michael%20Jackson/The%20Ultimate%20Collection%20(disc/15%20Off%20The%20Wall.mp3
131288,She's Out Of My Life,Michael Jackson,The Ultimate Collection (disc ,Pop,2020-07-26 13:28:15,0,file:///Volumes/Seagate%20Thunderbolt%20Drive/Music/Michael%20Jackson/The%20Ultimate%20Collection%20(disc/16%20She's%20Out%20Of%20My%20Life.mp3
131290,Sunset Driver (Demo),Michael Jackson,The Ultimate Collection (disc ,Pop,2020-08-07 22:04:36,0,file:///Volumes/Seagate%20Thunderbolt%20Drive/Music/Michael%20Jackson/The%20Ultimate%20Collection%20(disc/17%20Sunset%20Driver%20(Demo).mp3
131292,Lovely One,Michael Jackson,The Ultimate Collection (disc ,Pop,2020-07-23 09:05:59,0,file:///Volumes/Seagate%20Thunderbolt%20Drive/Music/Michael%20Jackson/The%20Ultimate%20Collection%20(disc/18%20Lovely%20One.mp3
131294,This Place Hotel,Michael Jackson,The Ultimate Collection (disc ,Pop,2020-08-08 20:04:42,0,file:///Volumes/Seagate%20Thunderbolt%20Drive/Music/Michael%20Jackson/The%20Ultimate%20Collection%20(disc/19%20This%20Place%20Hotel.mp3
131266,You Can't Win,Michael Jackson,The Ultimate Collection (disc ,Pop,2020-08-16 15:51:40,0,file:///Volumes/Seagate%20Thunderbolt%20Drive/Music/Michael%20Jackson/The%20Ultimate%20Collection%20(disc/10%20You%20Can't%20Win.mp3
131096,Johnny Raven,Michael Jackson,Music & Me,R&B,2020-07-25 10:56:45,0,file:///Volumes/Seagate%20Thunderbolt%20Drive/Music/Michael%20Jackson/Music%20&%20Me/07%20Johnny%20Raven.mp3
131020,Billie Jean,Michael Jackson,"HIStory: Past, Present and Future,2020-07-20 06:07:53,Classic Soul,2014-08-27 02:27:50,0,"file:///Volumes/Seagate%20Thunderbolt%20Drive/Music/Michael%20Jackson/HIStory_%20Past,%20Present%20and%20Future,%20Book%20I%20Disc%201/01%20Billie%20Jean.mp3"
131092,Too Young,Michael Jackson,Music & Me,R&B,2020-08-17 09:36:27,0,file:///Volumes/Seagate%20Thunderbolt%20Drive/Music/Michael%20Jackson/Music%20&%20Me/05%20Too%20Young.mp3
130894,Heal the World,Michael Jackson,Dangerous,Classic Soul,2020-07-29 21:40:17,0,file:///Volumes/Seagate%20Thunderbolt%20Drive/Music/Michael%20Jackson/Dangerous/07%20Heal%20the%20World.mp3
130896,Black Or White,Michael Jackson,Dangerous,Pop,2020-08-13 11:00:05,0,file:///Volumes/Seagate%20Thunderbolt%20Drive/Music/Michael%20Jackson/Dangerous/08%20Black%20Or%20White.mp3
130898,Will You Be There,Michael Jackson,Dangerous,Pop,2020-08-17 19:48:02,0,file:///Volumes/Seagate%20Thunderbolt%20Drive/Music/Michael%20Jackson/Dangerous/11%20Will%20You%20Be%20There.mp3
130900,Gone Too Soon,Michael Jackson,Dangerous,Pop,2020-07-21 08:58:21,0,file:///Volumes/Seagate%20Thunderbolt%20Drive/Music/Michael%20Jackson/Dangerous/13%20Gone%20Too%20Soon.mp3
130902,Got to Be There,Michael Jackson,The Essential Michael Jackson [US] Disc 1,Classic Soul,2020-08-10 01:56:13,0,file:///Volumes/Seagate%20Thunderbolt%20Drive/Music/Michael%20Jackson/The%20Essential%20Michael%20Jackson%20%5BUS%5D%20Disc%201/04%20Got%20to%20Be%20There.mp3
130904,Rockin' Robin,Michael Jackson,The Essential Michael Jackson [US] Disc 1,Classic Soul,2020-08-10 21:21:13,0,file:///Volumes/Seagate%20Thunderbolt%20Drive/Music/Michael%20Jackson/The%20Essential%20Michael%20Jackson%20%5BUS%5D%20Disc%201/05%20Rockin'%20Robin.mp3
130906,Ben,Michael Jackson,The Essential Michael Jackson [US] Disc 1,Classic Soul,2020-08-14 21:07:07,0,file:///Volumes/Seagate%20Thunderbolt%20Drive/Music/Michael%20Jackson/The%20Essential%20Michael%20Jackson%20%5BUS%5D%20Disc%201/06%20Ben.mp3
130908,Don't Stop 'Til You Get Enough,Michael Jackson,The Essential Michael Jackson [US] Disc 1,Classic Soul,2020-07-30 19:33:08,0,file:///Volumes/Seagate%20Thunderbolt%20Drive/Music/Michael%20Jackson/The%20Essential%20Michael%20Jackson%20%5BUS%5D%20Disc%201/10%20Don't%20Stop%20'Til%20You%20Get%20Enough.mp3
130910,Rock With You,Michael Jackson,The Essential Michael Jackson [US] Disc 1,Classic Soul,2020-08-09 02:27:51,0,file:///Volumes/Seagate%20Thunderbolt%20Drive/Music/Michael%20Jackson/The%20Essential%20Michael%20Jackson%20%5BUS%5D%20Disc%201/11%20Rock%20With%20You.mp3
130912,Off the Wall,Michael Jackson,The Essential Michael Jackson [US] Disc 1,Classic Soul,2020-08-05 23:27:22,0,file:///Volumes/Seagate%20Thunderbolt%20Drive/Music/Michael%20Jackson/The%20Essential%20Michael%20Jackson%20%5BUS%5D%20Disc%201/12%20Off%20the%20Wall.mp3
130914,She's Out My Life,Michael Jackson,The Essential Michael Jackson [US] Disc 1,Classic Soul,2020-08-15 02:07:13,0,file:///Volumes/Seagate%20Thunderbolt%20Drive/Music/Michael%20Jackson/The%20Essential%20Michael%20Jackson%20%5BUS%5D%20Disc%201/13%20She's%20Out%20My%20Life.mp3
130916,Can You Feel It,Michael Jackson,The Essential Michael Jackson [US] Disc 1,Classic Soul,2020-07-30 05:43:44,0,file:///Volumes/Seagate%20Thunderbolt%20Drive/Music/Michael%20Jackson/The%20Essential%20Michael%20Jackson%20%5BUS%5D%20Disc%201/14%20Can%20You%20Feel%20It.mp3
130918,The Girl Is Mine,Michael Jackson,The Essential Michael Jackson [US] Disc 1,Classic Soul,2020-07-25 16:25:16,0,file:///Volumes/Seagate%20Thunderbolt%20Drive/Music/Michael%20Jackson/The%20Essential%20Michael%20Jackson%20%5BUS%5D%20Disc%201/15%20The%20Girl%20Is%20Mine.mp3
130920,Billie Jean,Michael Jackson,The Essential Michael Jackson [US] Disc 1,Classic Soul,2020-08-15 22:08:44,0,file:///Volumes/Seagate%20Thunderbolt%20Drive/Music/Michael%20Jackson/The%20Essential%20Michael%20Jackson%20%5BUS%5D%20Disc%201/16%20Billie%20Jean.mp3
130892,Why You Wanna Trip On Me,Michael Jackson,Dangerous,Pop,2020-08-16 00:08:37,0,file:///Volumes/Seagate%20Thunderbolt%20Drive/Music/Michael%20Jackson/Dangerous/02%20Why%20You%20Wanna%20Trip%20On%20Me.mp3
130922,Beat It,Michael Jackson,The Essential Michael Jackson [US] Disc 1,Classic Soul,2020-08-04 03:47:25,0,file:///Volumes/Seagate%20Thunderbolt%20Drive/Music/Michael%20Jackson/The%20Essential%20Michael%20Jackson%20%5BUS%5D%20Disc%201/17%20Beat%20It.mp3
130926,Human Nature,Michael Jackson,The Essential Michael Jackson [US] Disc 1,Classic Soul,2020-08-06 03:34:55,0,file:///Volumes/Seagate%20Thunderbolt%20Drive/Music/Michael%20Jackson/The%20Essential%20Michael%20Jackson%20%5BUS%5D%20Disc%201/19%20Human%20Nature.mp3
130928,P.Y.T. (Pretty Young Thing),Michael Jackson,The Essential Michael Jackson [US] Disc 1,Classic Soul,2020-08-01 22:11:57,0,file:///Volumes/Seagate%20Thunderbolt%20Drive/Music/Michael%20Jackson/The%20Essential%20Michael%20Jackson%20%5BUS%5D%20Disc%201/20%20P.Y.T.%20(Pretty%20Young%20Thing).mp3
130930,Thriller,Michael Jackson,The Essential Michael Jackson [US] Disc 1,Classic Soul,2020-08-01 21:46:56,0,file:///Volumes/Seagate%20Thunderbolt%20Drive/Music/Michael%20Jackson/The%20Essential%20Michael%20Jackson%20%5BUS%5D%20Disc%201/21%20Thriller.mp3
130932,I Just Can't Stop Loving You,Michael Jackson,The Essential Michael Jackson Disc 2,Classic Soul,2020-07-29 02:13:08,0,file:///Volumes/Seagate%20Thunderbolt%20Drive/Music/Michael%20Jackson/The%20Essential%20Michael%20Jackson%20Disc%202/02%20I%20Just%20Can't%20Stop%20Loving%20You.mp3
130934,Leave Me Alone,Michael Jackson,The Essential Michael Jackson Disc 2,Classic Soul,2020-07-25 03:50:23,0,file:///Volumes/Seagate%20Thunderbolt%20Drive/Music/Michael%20Jackson/The%20Essential%20Michael%20Jackson%20Disc%202/03%20Leave%20Me%20Alone.mp3
130936,The Way You Make Me Feel,Michael Jackson,The Essential Michael Jackson Disc 2,Classic Soul,2020-08-14 12:27:07,0,file:///Volumes/Seagate%20Thunderbolt%20Drive/Music/Michael%20Jackson/The%20Essential%20Michael%20Jackson%20Disc%202/04%20The%20Way%20You%20Make%20Me%20Feel.mp3
130938,Dirty Diana,Michael Jackson,The Essential Michael Jackson Disc 2,Classic Soul,2020-08-05 04:23:51,0,file:///Volumes/Seagate%20Thunderbolt%20Drive/Music/Michael%20Jackson/The%20Essential%20Michael%20Jackson%20Disc%202/06%20Dirty%20Diana.mp3
130940,Smooth Criminal,Michael Jackson,The Essential Michael Jackson Disc 2,Classic Soul,2020-08-13 20:21:04,0,file:///Volumes/Seagate%20Thunderbolt%20Drive/Music/Michael%20Jackson/The%20Essential%20Michael%20Jackson%20Disc%202/08%20Smooth%20Criminal.mp3
130942,Black or White,Michael Jackson,The Essential Michael Jackson Disc 2,Classic Soul,2020-07-30 03:21:28,0,file:///Volumes/Seagate%20Thunderbolt%20Drive/Music/Michael%20Jackson/The%20Essential%20Michael%20Jackson%20Disc%202/09%20Black%20or%20White.mp3
130944,Remember the Time,Michael Jackson,The Essential Michael Jackson Disc 2,Classic Soul,2020-08-13 12:18:39,0,file:///Volumes/Seagate%20Thunderbolt%20Drive/Music/Michael%20Jackson/The%20Essential%20Michael%20Jackson%20Disc%202/11%20Remember%20the%20Time.mp3
130946,In the Closet,Michael Jackson,The Essential Michael Jackson Disc 2,Classic Soul,2020-08-04 17:03:02,0,file:///Volumes/Seagate%20Thunderbolt%20Drive/Music/Michael%20Jackson/The%20Essential%20Michael%20Jackson%20Disc%202/12%20In%20the%20Closet.mp3
130948,Who Is It,Michael Jackson,The Essential Michael Jackson Disc 2,Classic Soul,2020-08-06 18:18:20,0,file:///Volumes/Seagate%20Thunderbolt%20Drive/Music/Michael%20Jackson/The%20Essential%20Michael%20Jackson%20Disc%202/13%20Who%20Is%20It.mp3
130950,Will You Be There,Michael Jackson,The Essential Michael Jackson Disc 2,Classic Soul,2020-07-20 13:13:11,0,file:///Volumes/Seagate%20Thunderbolt%20Drive/Music/Michael%20Jackson/The%20Essential%20Michael%20Jackson%20Disc%202/14%20Will%20You%20Be%20There.mp3
130952,Dangerous,Michael Jackson,The Essential Michael Jackson Disc 2,Classic Soul,2020-07-31 12:41:07,0,file:///Volumes/Seagate%20Thunderbolt%20Drive/Music/Michael%20Jackson/The%20Essential%20Michael%20Jackson%20Disc%202/15%20Dangerous.mp3
130924,Wanna Be Startin' Somethin',Michael Jackson,The Essential Michael Jackson [US] Disc 1,Classic Soul,2020-08-07 02:09:36,0,file:///Volumes/Seagate%20Thunderbolt%20Drive/Music/Michael%20Jackson/The%20Essential%20Michael%20Jackson%20%5BUS%5D%20Disc%201/18%20Wanna%20Be%20Startin'%20Somethin'.mp3
130954,We're Almost There,Michael Jackson,Forever Michael,R&B,2020-07-30 07:53:08,0,file:///Volumes/Seagate%20Thunderbolt%20Drive/Music/Michael%20Jackson/Forever%20Michael/01%20We're%20Almost%20There.mp3
130890,Jam,Michael Jackson,Dangerous,Classic Soul,2020-08-02 10:42:51,0,file:///Volumes/Seagate%20Thunderbolt%20Drive/Music/Michael%20Jackson/Dangerous/01%20Jam.mp3
130886,History [Tony Moran's History Lesson],Michael Jackson,Blood on the Dance Floor: History in the Mix,Classic Soul,2020-08-17 07:38:39,0,file:///Volumes/Seagate%20Thunderbolt%20Drive/Music/Michael%20Jackson/Blood%20on%20the%20Dance%20Floor_%20History%20in%20the%20Mix/13%20History%20%5BTony%20Moran's%20History%20Lesson%5D.mp3
130826,Man In The Mirror,Michael Jackson,Bad (Special Edition) [REMST],Pop,2020-08-09 01:24:11,0,file:///Volumes/Seagate%20Thunderbolt%20Drive/Music/Michael%20Jackson/Bad%20(Special%20Edition)%20%5BREMST%5D/07%20Man%20In%20The%20Mirror.mp3
130828,I Just Can't Stop Loving You (Vocal Duet With Michael Jackson And Siedah Garrett),Michael Jackson,Bad (Special Edition) [REMST],Pop,2020-08-05 22:33:16,0,file:///Volumes/Seagate%20Thunderbolt%20Drive/Music/Michael%20Jackson/Bad%20(Special%20Edition)%20%5BREMST%5D/08%20I%20Just%20Can't%20Stop%20Loving%20You%20(Vocal%20Duet%20With%20Michael%20Jackson%20And%20Siedah%20Garrett).mp3
130830,Dirty Diana,Michael Jackson,Bad (Special Edition) [REMST],Pop,2020-08-10 08:29:13,0,file:///Volumes/Seagate%20Thunderbolt%20Drive/Music/Michael%20Jackson/Bad%20(Special%20Edition)%20%5BREMST%5D/09%20Dirty%20Diana.mp3
130832,Smooth Criminal,Michael Jackson,Bad (Special Edition) [REMST],Pop,2020-07-20 01:10:32,0,file:///Volumes/Seagate%20Thunderbolt%20Drive/Music/Michael%20Jackson/Bad%20(Special%20Edition)%20%5BREMST%5D/10%20Smooth%20Criminal.mp3
130834,Streetwalker,Michael Jackson,Bad (Special Edition) [REMST],Pop,2020-07-29 16:13:32,0,file:///Volumes/Seagate%20Thunderbolt%20Drive/Music/Michael%20Jackson/Bad%20(Special%20Edition)%20%5BREMST%5D/13%20Streetwalker.mp3
130836,Todo Mi Amor Eres Tu (Spanish Lyric Version),Michael Jackson,Bad (Special Edition) [REMST],Pop,2020-07-21 02:57:43,0,file:///Volumes/Seagate%20Thunderbolt%20Drive/Music/Michael%20Jackson/Bad%20(Special%20Edition)%20%5BREMST%5D/15%20Todo%20Mi%20Amor%20Eres%20Tu%20(Spanish%20Lyric%20Version).mp3
130838,"Voice-Over Intro ""Fly Away""",Michael Jackson,Bad (Special Edition) [REMST],Pop,2020-07-25 09:48:34,0,file:///Volumes/Seagate%20Thunderbolt%20Drive/Music/Michael%20Jackson/Bad%20(Special%20Edition)%20%5BREMST%5D/17%20Voice-Over%20Intro%20_Fly%20Away_.mp3
130840,Fly Away,Michael Jackson,Bad (Special Edition) [REMST],Pop,2020-08-03 20:05:10,0,file:///Volumes/Seagate%20Thunderbolt%20Drive/Music/Michael%20Jackson/Bad%20(Special%20Edition)%20%5BREMST%5D/18%20Fly%20Away.mp3
130842,Ben,Michael Jackson,Ben,Classic Soul,2020-07-26 23:01:14,0,file:///Volumes/Seagate%20Thunderbolt%20Drive/Music/Michael%20Jackson/Ben/01%20Ben.mp3
130844,Greatest Show on Earth,Michael Jackson,Ben,Classic Soul,2020-08-04 00:53:58,0,file:///Volumes/Seagate%20Thunderbolt%20Drive/Music/Michael%20Jackson/Ben/02%20Greatest%20Show%20on%20Earth.mp3
130846,People Make the World Go 'Round,Michael Jackson,Ben,Classic Soul,2020-08-03 03:15:28,0,file:///Volumes/Seagate%20Thunderbolt%20Drive/Music/Michael%20Jackson/Ben/03%20People%20Make%20the%20World%20Go%20'Round.mp3
130848,We've Got a Good Thing Going,Michael Jackson,Ben,Classic Soul,2020-08-01 00:33:32,0,file:///Volumes/Seagate%20Thunderbolt%20Drive/Music/Michael%20Jackson/Ben/04%20We've%20Got%20a%20Good%20Thing%20Going.mp3
130850,Everybody's Somebody's Fool,Michael Jackson,Ben,Classic Soul,2020-08-08 16:56:31,0,file:///Volumes/Seagate%20Thunderbolt%20Drive/Music/Michael%20Jackson/Ben/05%20Everybody's%20Somebody's%20Fool.mp3
130852,My Girl,Michael Jackson,Ben,Classic Soul,2020-07-24 09:42:50,0,file:///Volumes/Seagate%20Thunderbolt%20Drive/Music/Michael%20Jackson/Ben/06%20My%20Girl.mp3
130888,One Day In Your Life,Michael Jackson,Classic Soul Anthems,Classic Soul,2020-07-22 07:10:53,0,file:///Volumes/Seagate%20Thunderbolt%20Drive/Music/Various%20Artiist/Classic%20Soul%20Anthems/04%20One%20Day%20In%20Your%20Life.mp3
130854,What Goes Around Comes Around,Michael Jackson,Ben,Classic Soul,2020-08-05 19:46:31,0,file:///Volumes/Seagate%20Thunderbolt%20Drive/Music/Michael%20Jackson/Ben/07%20What%20Goes%20Around%20Comes%20Around.mp3
130858,Shoo-Be-Doo-Be-Doo-Da-Day,Michael Jackson,Ben,Classic Soul,2020-07-23 08:38:00,0,file:///Volumes/Seagate%20Thunderbolt%20Drive/Music/Michael%20Jackson/Ben/09%20Shoo-Be-Doo-Be-Doo-Da-Day.mp3
130860,You Can Cry on My Shoulder,Michael Jackson,Ben,Classic Soul,2020-07-22 16:10:50,0,file:///Volumes/Seagate%20Thunderbolt%20Drive/Music/Michael%20Jackson/Ben/10%20You%20Can%20Cry%20on%20My%20Shoulder.mp3
130862,Blood On The Dance Floor,Michael Jackson,Blood On The Dance Floor,Pop,2020-08-02 20:48:06,0,file:///Volumes/Seagate%20Thunderbolt%20Drive/Music/Michael%20Jackson/Blood%20On%20The%20Dance%20Floor/01%20Blood%20On%20The%20Dance%20Floor.mp3
130864,Morphine,Michael Jackson,Blood On The Dance Floor,Pop,2020-08-06 15:50:01,0,file:///Volumes/Seagate%20Thunderbolt%20Drive/Music/Michael%20Jackson/Blood%20On%20The%20Dance%20Floor/02%20Morphine.mp3
130866,Superfly Sister,Michael Jackson,Blood On The Dance Floor,Pop,2020-08-17 11:59:21,0,file:///Volumes/Seagate%20Thunderbolt%20Drive/Music/Michael%20Jackson/Blood%20On%20The%20Dance%20Floor/03%20Superfly%20Sister.mp3
130868,Ghosts,Michael Jackson,Blood On The Dance Floor,Pop,2020-08-17 22:11:40,0,file:///Volumes/Seagate%20Thunderbolt%20Drive/Music/Michael%20Jackson/Blood%20On%20The%20Dance%20Floor/04%20Ghosts.mp3
130870,Is It Scary,Michael Jackson,Blood On The Dance Floor,Pop,2020-08-16 21:21:08,0,file:///Volumes/Seagate%20Thunderbolt%20Drive/Music/Michael%20Jackson/Blood%20On%20The%20Dance%20Floor/05%20Is%20It%20Scary.mp3
130872,Blood on the Dance Floor,Michael Jackson,Blood on the Dance Floor: History in the Mix,Classic Soul,2020-08-15 20:59:28,0,file:///Volumes/Seagate%20Thunderbolt%20Drive/Music/Michael%20Jackson/Blood%20on%20the%20Dance%20Floor_%20History%20in%20the%20Mix/01%20Blood%20on%20the%20Dance%20Floor.mp3
130874,Money [Fire Island Radio Edit],Michael Jackson,Blood on the Dance Floor: History in the Mix,Classic Soul,2020-07-23 15:02:26,0,file:///Volumes/Seagate%20Thunderbolt%20Drive/Music/Michael%20Jackson/Blood%20on%20the%20Dance%20Floor_%20History%20in%20the%20Mix/07%20Money%20%5BFire%20Island%20Radio%20Edit%5D.mp3
130876,2 Bad [Refugee Camp Mix],Michael Jackson,Blood on the Dance Floor: History in the Mix,Classic Soul,2020-08-03 13:26:59,0,file:///Volumes/Seagate%20Thunderbolt%20Drive/Music/Michael%20Jackson/Blood%20on%20the%20Dance%20Floor_%20History%20in%20the%20Mix/08%202%20Bad%20%5BRefugee%20Camp%20Mix%5D.mp3
130878,Stranger in Moscow [Tee's In-House Club Mix],Michael Jackson,Blood on the Dance Floor: History in the Mix,Classic Soul,2020-08-16 18:34:58,0,file:///Volumes/Seagate%20Thunderbolt%20Drive/Music/Michael%20Jackson/Blood%20on%20the%20Dance%20Floor_%20History%20in%20the%20Mix/09%20Stranger%20in%20Moscow%20%5BTee's%20In-House%20Club%20Mix%5D.mp3
130880,This Time Around [D.M. Radio Mix],Michael Jackson,Blood on the Dance Floor: History in the Mix,Classic Soul,2020-08-07 14:32:37,0,file:///Volumes/Seagate%20Thunderbolt%20Drive/Music/Michael%20Jackson/Blood%20on%20the%20Dance%20Floor_%20History%20in%20the%20Mix/10%20This%20Time%20Around%20%5BD.M.%20Radio%20Mix%5D.mp3
130882,Earth Song [Hani's Club Experience],Michael Jackson,Blood on the Dance Floor: History in the Mix,Classic Soul,2020-08-02 03:12:54,0,file:///Volumes/Seagate%20Thunderbolt%20Drive/Music/Michael%20Jackson/Blood%20on%20the%20Dance%20Floor_%20History%20in%20the%20Mix/11%20Earth%20Song%20%5BHani's%20Club%20Experience%5D.mp3
130884,You Are Not Alone [Classic Club Mix],Michael Jackson,Blood on the Dance Floor: History in the Mix,Classic Soul,2020-08-11 02:55:22,0,file:///Volumes/Seagate%20Thunderbolt%20Drive/Music/Michael%20Jackson/Blood%20on%20the%20Dance%20Floor_%20History%20in%20the%20Mix/12%20You%20Are%20Not%20Alone%20%5BClassic%20Club%20Mix%5D.mp3
130856,In Our Small Way,Michael Jackson,Ben,Classic Soul,2020-07-25 14:55:40,0,file:///Volumes/Seagate%20Thunderbolt%20Drive/Music/Michael%20Jackson/Ben/08%20In%20Our%20Small%20Way.mp3
131094,Doggin' around,Michael Jackson,Music & Me,R&B,2020-08-14 11:01:44,0,file:///Volumes/Seagate%20Thunderbolt%20Drive/Music/Michael%20Jackson/Music%20&%20Me/06%20Doggin'%20around.mp3
130956,Take Me Back,Michael Jackson,Forever Michael,R&B,2020-07-19 18:02:07,0,file:///Volumes/Seagate%20Thunderbolt%20Drive/Music/Michael%20Jackson/Forever%20Michael/02%20Take%20Me%20Back.mp3
130960,Cinderella Stay Awhile,Michael Jackson,Forever Michael,R&B,2020-07-30 03:06:37,0,file:///Volumes/Seagate%20Thunderbolt%20Drive/Music/Michael%20Jackson/Forever%20Michael/04%20Cinderella%20Stay%20Awhile.mp3
131032,Thriller,Michael Jackson,"HIStory: Past, Present and Future,2020-08-07 07:44:48,Classic Soul,2014-08-27 02:27:50,0,"file:///Volumes/Seagate%20Thunderbolt%20Drive/Music/Michael%20Jackson/HIStory_%20Past,%20Present%20and%20Future,%20Book%20I%20Disc%201/09%20Thriller.mp3"
131034,Beat It,Michael Jackson,"HIStory: Past, Present and Future,2020-07-24 12:24:31,Classic Soul,2014-08-27 02:27:50,0,"file:///Volumes/Seagate%20Thunderbolt%20Drive/Music/Michael%20Jackson/HIStory_%20Past,%20Present%20and%20Future,%20Book%20I%20Disc%201/10%20Beat%20It.mp3"
131036,The Girl Is Mine,Michael Jackson,"HIStory: Past, Present and Future,2020-07-22 05:48:53,Classic Soul,2014-08-27 02:27:50,0,"file:///Volumes/Seagate%20Thunderbolt%20Drive/Music/Michael%20Jackson/HIStory_%20Past,%20Present%20and%20Future,%20Book%20I%20Disc%201/11%20The%20Girl%20Is%20Mine.mp3"
131038,Remember the Time,Michael Jackson,"HIStory: Past, Present and Future,2020-07-24 08:36:07,Classic Soul,2014-08-27 02:27:50,0,"file:///Volumes/Seagate%20Thunderbolt%20Drive/Music/Michael%20Jackson/HIStory_%20Past,%20Present%20and%20Future,%20Book%20I%20Disc%201/12%20Remember%20the%20Time.mp3"
131040,Don't Stop 'Til You Get Enough,Michael Jackson,"HIStory: Past, Present and Future,2020-07-26 08:28:54,Classic Soul,2014-08-27 02:27:50,0,"file:///Volumes/Seagate%20Thunderbolt%20Drive/Music/Michael%20Jackson/HIStory_%20Past,%20Present%20and%20Future,%20Book%20I%20Disc%201/13%20Don't%20Stop%20'Til%20You%20Get%20Enough.mp3"
131042,Wanna Be Startin' Somethin',Michael Jackson,"HIStory: Past, Present and Future,2020-08-14 08:38:14,Classic Soul,2014-08-27 02:27:50,0,"file:///Volumes/Seagate%20Thunderbolt%20Drive/Music/Michael%20Jackson/HIStory_%20Past,%20Present%20and%20Future,%20Book%20I%20Disc%201/14%20Wanna%20Be%20Startin'%20Somethin'.mp3"
131044,Heal the World,Michael Jackson,"HIStory: Past, Present and Future,2020-08-15 12:32:57,Classic Soul,2014-08-27 02:27:50,0,"file:///Volumes/Seagate%20Thunderbolt%20Drive/Music/Michael%20Jackson/HIStory_%20Past,%20Present%20and%20Future,%20Book%20I%20Disc%201/15%20Heal%20the%20World.mp3"
131046,Earth Song,Michael Jackson,"HIStory: Past, Present and Future,2020-07-23 21:46:16,Classic Soul,2014-08-27 02:27:50,0,"file:///Volumes/Seagate%20Thunderbolt%20Drive/Music/Michael%20Jackson/HIStory_%20Past,%20Present%20and%20Future,%20Book%20I%20Disc%202/05%20Earth%20Song.mp3"
131048,"Childhood [Theme from ""Free Willy 2""]",Michael Jackson,"HIStory: Past, Present and Future,2020-07-22 11:14:21,Classic Soul,2014-08-27 02:27:50,0,"file:///Volumes/Seagate%20Thunderbolt%20Drive/Music/Michael%20Jackson/HIStory_%20Past,%20Present%20and%20Future,%20Book%20I%20Disc%202/10%20Childhood%20%5BTheme%20from%20_Free%20Willy%202_%5D.mp3"
131050,2 Bad,Michael Jackson,"HIStory: Past, Present and Future,2020-07-20 02:26:35,Classic Soul,2014-08-27 02:27:50,0,"file:///Volumes/Seagate%20Thunderbolt%20Drive/Music/Michael%20Jackson/HIStory_%20Past,%20Present%20and%20Future,%20Book%20I%20Disc%202/12%202%20Bad.mp3"
131052,Heaven Can Wait,Michael Jackson,Invincible,Classic Soul,2020-08-09 16:36:41,0,file:///Volumes/Seagate%20Thunderbolt%20Drive/Music/Michael%20Jackson/Invincible/05%20Heaven%20Can%20Wait.mp3
131054,You Rock My World,Michael Jackson,Invincible,Classic Soul,2020-07-29 07:25:20,0,file:///Volumes/Seagate%20Thunderbolt%20Drive/Music/Michael%20Jackson/Invincible/06%20You%20Rock%20My%20World.mp3
131056,2000 Watts,Michael Jackson,Invincible,Classic Soul,2020-08-08 09:40:55,0,file:///Volumes/Seagate%20Thunderbolt%20Drive/Music/Michael%20Jackson/Invincible/09%202000%20Watts.mp3
131058,You Are My Life,Michael Jackson,Invincible,Classic Soul,2020-07-30 05:20:42,0,file:///Volumes/Seagate%20Thunderbolt%20Drive/Music/Michael%20Jackson/Invincible/10%20You%20Are%20My%20Life.mp3
131030,Man in the Mirror,Michael Jackson,"HIStory: Past, Present and Future,2020-08-09 04:23:51,Classic Soul,2014-08-27 02:27:50,0,"file:///Volumes/Seagate%20Thunderbolt%20Drive/Music/Michael%20Jackson/HIStory_%20Past,%20Present%20and%20Future,%20Book%20I%20Disc%201/08%20Man%20in%20the%20Mirror.mp3"
131060,Cry,Michael Jackson,Invincible,Classic Soul,2020-08-01 06:35:16,0,file:///Volumes/Seagate%20Thunderbolt%20Drive/Music/Michael%20Jackson/Invincible/13%20Cry.mp3
131064,Whatever Happens,Michael Jackson,Invincible,Classic Soul,2020-08-04 05:11:14,0,file:///Volumes/Seagate%20Thunderbolt%20Drive/Music/Michael%20Jackson/Invincible/15%20Whatever%20Happens.mp3
131066,Hold My Hand (feat. Akon) ,Michael Jackson,Michael,Pop,2020-08-01 23:29:45,0,file:///Volumes/Seagate%20Thunderbolt%20Drive/Music/Michael%20Jackson/Michael/Hold%20My%20Hand%20(feat.%20Akon).mp3
131068,Ben,Michael Jackson,"Motown 50 Yesterday, Today,2020-08-12 06:53:42,R&B,2014-08-27 02:27:50,0,"file:///Volumes/Seagate%20Thunderbolt%20Drive/Music/Michael%20Jackson/Motown%2050%20Yesterday,%20Today,%20Forever/03%20Ben.mp3"
131070,Ain't No Sunshine,Michael Jackson,"Motown 50 Yesterday, Today,2020-07-25 12:23:01,R&B,2014-08-27 02:27:50,0,"file:///Volumes/Seagate%20Thunderbolt%20Drive/Music/Michael%20Jackson/Motown%2050%20Yesterday,%20Today,%20Forever/05%20Ain't%20No%20Sunshine.mp3"
131072,One Day in Your Life,Michael Jackson,"Motown 50 Yesterday, Today,2020-08-08 07:00:07,Classic Soul,2014-08-27 02:27:50,0,"file:///Volumes/Seagate%20Thunderbolt%20Drive/Music/Michael%20Jackson/Motown%2050%20Yesterday,%20Today,%20Forever/09%20One%20Day%20in%20Your%20Life.mp3"
131074,Rockin' Robin,Michael Jackson,"Motown 50 Yesterday, Today,2020-08-07 21:50:25,Classic Soul,2014-08-27 02:27:50,0,"file:///Volumes/Seagate%20Thunderbolt%20Drive/Music/Michael%20Jackson/Motown%2050%20Yesterday,%20Today,%20Forever/28%20Rockin'%20Robin.mp3"
131076,Got to Be There,Michael Jackson,Motown the Complete No.1's,Classic Soul,2020-07-26 03:42:30,0,file:///Volumes/Seagate%20Thunderbolt%20Drive/Music/Michael%20Jackson/Motown%20the%20Complete%20No.1's/84%20Got%20to%20Be%20There.mp3
131078,Rockin' Robin,Michael Jackson,Motown the Complete No.1's,Classic Soul,2020-08-11 20:22:28,0,file:///Volumes/Seagate%20Thunderbolt%20Drive/Music/Michael%20Jackson/Motown%20the%20Complete%20No.1's/85%20Rockin'%20Robin.mp3
131080,Ben,Michael Jackson,Motown the Complete No.1's,Classic Soul,2020-07-24 09:28:17,0,file:///Volumes/Seagate%20Thunderbolt%20Drive/Music/Michael%20Jackson/Motown%20the%20Complete%20No.1's/87%20Ben.mp3
131082,One Day in Your Life,Michael Jackson,Motown the Complete No.1's,Classic Soul,2020-07-25 05:04:44,0,file:///Volumes/Seagate%20Thunderbolt%20Drive/Music/Michael%20Jackson/Motown%20the%20Complete%20No.1's/142%20One%20Day%20in%20Your%20Life.mp3
131084,With A Child's Heart,Michael Jackson,Music & Me,R&B,2020-07-24 06:53:18,0,file:///Volumes/Seagate%20Thunderbolt%20Drive/Music/Michael%20Jackson/Music%20&%20Me/01%20With%20A%20Child's%20Heart.mp3
131086,Up Again,Michael Jackson,Music & Me,R&B,2020-08-12 19:03:24,0,file:///Volumes/Seagate%20Thunderbolt%20Drive/Music/Michael%20Jackson/Music%20&%20Me/02%20Up%20Again.mp3
131088,All The Things You Are,Michael Jackson,Music & Me,R&B,2020-08-17 07:26:11,0,file:///Volumes/Seagate%20Thunderbolt%20Drive/Music/Michael%20Jackson/Music%20&%20Me/03%20All%20The%20Things%20You%20Are.mp3
131090,Happy,Michael Jackson,Music & Me,R&B,2020-08-16 18:36:48,0,file:///Volumes/Seagate%20Thunderbolt%20Drive/Music/Michael%20Jackson/Music%20&%20Me/04%20Happy.mp3
131062,The Lost Children,Michael Jackson,Invincible,Classic Soul,2020-08-17 09:39:24,0,file:///Volumes/Seagate%20Thunderbolt%20Drive/Music/Michael%20Jackson/Invincible/14%20The%20Lost%20Children.mp3
130958,One Day In Your Life,Michael Jackson,Forever Michael,R&B,2020-08-09 08:54:19,0,file:///Volumes/Seagate%20Thunderbolt%20Drive/Music/Michael%20Jackson/Forever%20Michael/03%20One%20Day%20In%20Your%20Life.mp3
131028,I Just Can't Stop Loving You,Michael Jackson,"HIStory: Past, Present and Future,2020-07-24 21:31:36,Classic Soul,2014-08-27 02:27:50,0,"file:///Volumes/Seagate%20Thunderbolt%20Drive/Music/Michael%20Jackson/HIStory_%20Past,%20Present%20and%20Future,%20Book%20I%20Disc%201/07%20I%20Just%20Can't%20Stop%20Loving%20You.mp3"
131024,Rock with You,Michael Jackson,"HIStory: Past, Present and Future,2020-07-26 01:41:26,Classic Soul,2014-08-27 02:27:50,0,"file:///Volumes/Seagate%20Thunderbolt%20Drive/Music/Michael%20Jackson/HIStory_%20Past,%20Present%20and%20Future,%20Book%20I%20Disc%201/04%20Rock%20with%20You.mp3"
130962,We've Got Forever,Michael Jackson,Forever Michael,R&B,2020-08-11 09:52:23,0,file:///Volumes/Seagate%20Thunderbolt%20Drive/Music/Michael%20Jackson/Forever%20Michael/05%20We've%20Got%20Forever.mp3
130964,Just A Little Bit Of You,Michael Jackson,Forever Michael,R&B,2020-08-04 04:11:00,0,file:///Volumes/Seagate%20Thunderbolt%20Drive/Music/Michael%20Jackson/Forever%20Michael/06%20Just%20A%20Little%20Bit%20Of%20You.mp3
130966,You Are There,Michael Jackson,Forever Michael,R&B,2020-08-10 14:51:21,0,file:///Volumes/Seagate%20Thunderbolt%20Drive/Music/Michael%20Jackson/Forever%20Michael/07%20You%20Are%20There.mp3
130968,Dapper- Dan,Michael Jackson,Forever Michael,R&B,2020-07-20 10:17:04,0,file:///Volumes/Seagate%20Thunderbolt%20Drive/Music/Michael%20Jackson/Forever%20Michael/08%20Dapper-%20Dan.mp3
130970,Dear Michael,Michael Jackson,Forever Michael,R&B,2020-08-03 01:39:56,0,file:///Volumes/Seagate%20Thunderbolt%20Drive/Music/Michael%20Jackson/Forever%20Michael/09%20Dear%20Michael.mp3
130972,I'll Come Home To You,Michael Jackson,Forever Michael,R&B,2020-08-14 23:27:49,0,file:///Volumes/Seagate%20Thunderbolt%20Drive/Music/Michael%20Jackson/Forever%20Michael/10%20I'll%20Come%20Home%20To%20You.mp3
130974,Ain't no sunshine,Michael Jackson,Got to be there,Classic Soul,2020-08-06 08:28:51,0,file:///Volumes/Seagate%20Thunderbolt%20Drive/Music/Michael%20Jackson/Got%20to%20be%20there/01%20Ain't%20no%20sunshine.mp3
130976,I wanna be where you are,Michael Jackson,Got to be there,Classic Soul,2020-08-10 01:55:44,0,file:///Volumes/Seagate%20Thunderbolt%20Drive/Music/Michael%20Jackson/Got%20to%20be%20there/02%20I%20wanna%20be%20where%20you%20are.mp3
130978,Girl don't take you love from me,Michael Jackson,Got to be there,Classic Soul,2020-07-28 23:45:22,0,file:///Volumes/Seagate%20Thunderbolt%20Drive/Music/Michael%20Jackson/Got%20to%20be%20there/03%20Girl%20don't%20take%20you%20love%20from%20me.mp3
130980,In our small way,Michael Jackson,Got to be there,Classic Soul,2020-07-31 20:42:17,0,file:///Volumes/Seagate%20Thunderbolt%20Drive/Music/Michael%20Jackson/Got%20to%20be%20there/04%20In%20our%20small%20way.mp3
130982,Got to be there,Michael Jackson,Got to be there,Classic Soul,2020-08-02 09:59:58,0,file:///Volumes/Seagate%20Thunderbolt%20Drive/Music/Michael%20Jackson/Got%20to%20be%20there/05%20Got%20to%20be%20there.mp3
130984,Rockin' Robin,Michael Jackson,Got to be there,Classic Soul,2020-08-02 11:36:02,0,file:///Volumes/Seagate%20Thunderbolt%20Drive/Music/Michael%20Jackson/Got%20to%20be%20there/06%20Rockin'%20Robin.mp3
130986,Wings of my love,Michael Jackson,Got to be there,Classic Soul,2020-07-25 14:54:20,0,file:///Volumes/Seagate%20Thunderbolt%20Drive/Music/Michael%20Jackson/Got%20to%20be%20there/07%20Wings%20of%20my%20love.mp3
130988,Maria (you were the only one),Michael Jackson,Got to be there,Classic Soul,2020-08-12 07:14:36,0,file:///Volumes/Seagate%20Thunderbolt%20Drive/Music/Michael%20Jackson/Got%20to%20be%20there/08%20Maria%20(you%20were%20the%20only%20one).mp3
131026,She's Out of My Life,Michael Jackson,"HIStory: Past, Present and Future,2020-07-24 20:44:50,Classic Soul,2014-08-27 02:27:50,0,"file:///Volumes/Seagate%20Thunderbolt%20Drive/Music/Michael%20Jackson/HIStory_%20Past,%20Present%20and%20Future,%20Book%20I%20Disc%201/05%20She's%20Out%20of%20My%20Life.mp3"
130990,Love is here and now you're gone,Michael Jackson,Got to be there,Classic Soul,2020-08-06 08:43:52,0,file:///Volumes/Seagate%20Thunderbolt%20Drive/Music/Michael%20Jackson/Got%20to%20be%20there/09%20Love%20is%20here%20and%20now%20you're%20gone.mp3
130994,Scream,Michael Jackson,HIStory,Pop,2020-08-13 02:56:45,0,file:///Volumes/Seagate%20Thunderbolt%20Drive/Music/Michael%20Jackson/HIStory/01%20Scream.mp3
131022,Black or White,Michael Jackson,"HIStory: Past, Present and Future,2020-07-30 10:08:40,Classic Soul,2014-08-27 02:27:50,0,"file:///Volumes/Seagate%20Thunderbolt%20Drive/Music/Michael%20Jackson/HIStory_%20Past,%20Present%20and%20Future,%20Book%20I%20Disc%201/03%20Black%20or%20White.mp3"
131018,Smile,Michael Jackson,HIStory,Pop,2020-07-29 06:07:56,0,file:///Volumes/Seagate%20Thunderbolt%20Drive/Music/Michael%20Jackson/HIStory/15%20Smile.mp3
131016,Little Susie,Michael Jackson,HIStory,Pop,2020-08-13 03:00:59,0,file:///Volumes/Seagate%20Thunderbolt%20Drive/Music/Michael%20Jackson/HIStory/14%20Little%20Susie.mp3
131014,HIStory,Michael Jackson,HIStory,Pop,2020-07-30 08:11:43,0,file:///Volumes/Seagate%20Thunderbolt%20Drive/Music/Michael%20Jackson/HIStory/13%20HIStory.mp3
130992,You've got a friend,Michael Jackson,Got to be there,Classic Soul,2020-08-06 03:26:24,0,file:///Volumes/Seagate%20Thunderbolt%20Drive/Music/Michael%20Jackson/Got%20to%20be%20there/10%20You've%20got%20a%20friend.mp3
131010,Childhood,Michael Jackson,HIStory,Pop,2020-07-29 02:25:00,0,file:///Volumes/Seagate%20Thunderbolt%20Drive/Music/Michael%20Jackson/HIStory/10%20Childhood.mp3
131012,Tabloid Junkie,Michael Jackson,HIStory,Pop,2020-07-30 22:44:53,0,file:///Volumes/Seagate%20Thunderbolt%20Drive/Music/Michael%20Jackson/HIStory/11%20Tabloid%20Junkie.mp3
131006,Money,Michael Jackson,HIStory,Pop,2020-08-01 03:32:24,0,file:///Volumes/Seagate%20Thunderbolt%20Drive/Music/Michael%20Jackson/HIStory/07%20Money.mp3
131004,D.S.,Michael Jackson,HIStory,Pop,2020-08-07 02:37:12,0,file:///Volumes/Seagate%20Thunderbolt%20Drive/Music/Michael%20Jackson/HIStory/06%20D.S..mp3
131002,Earth Song,Michael Jackson,HIStory,Pop,2020-08-05 05:02:16,0,file:///Volumes/Seagate%20Thunderbolt%20Drive/Music/Michael%20Jackson/HIStory/05%20Earth%20Song.mp3
131000,This Time Around,Michael Jackson,HIStory,Pop,2020-07-20 06:07:26,0,file:///Volumes/Seagate%20Thunderbolt%20Drive/Music/Michael%20Jackson/HIStory/04%20This%20Time%20Around.mp3
130998,Stranger in Moscow,Michael Jackson,HIStory,Pop,2020-08-14 14:04:44,0,file:///Volumes/Seagate%20Thunderbolt%20Drive/Music/Michael%20Jackson/HIStory/03%20Stranger%20in%20Moscow.mp3
130996,They Don't Care About Us,Michael Jackson,HIStory,Pop,2020-07-28 19:40:09,0,file:///Volumes/Seagate%20Thunderbolt%20Drive/Music/Michael%20Jackson/HIStory/02%20They%20Don't%20Care%20About%20Us.mp3
131008,Come Together,Michael Jackson,HIStory,Pop,2020-08-15 04:55:07,0,file:///Volumes/Seagate%20Thunderbolt%20Drive/Music/Michael%20Jackson/HIStory/08%20Come%20Together.mp3
137042,Love Never Felt So Good,Michael Jackson,Xscape,R&B,2020-08-05 08:24:08,0,file:///Volumes/Seagate%20Thunderbolt%20Drive/Music/Michael%20Jackson/Xscape/78%20Love%20Never%20Felt%20So%20Good.m4a
141118,You Rock My World (Radio Edit),Michael Jackson,,Urban,2020-08-17 06:06:16,0,file:///Volumes/Seagate%20Thunderbolt%20Drive/Music/Michael%20Jackson/Unknown%20Album/You%20Rock%20My%20World%20(Radio%20Edit).mp3
141116,Butterflies (Radio Edit),Michael Jackson,,Urban,2020-08-06 05:37:30,0,file:///Volumes/Seagate%20Thunderbolt%20Drive/Music/Michael%20Jackson/Unknown%20Album/Butterflies%20(Radio%20Edit).mp3
141120,Butterflies (Remix),Michael Jackson f. Eve,,Urban,2020-07-27 02:08:52,0,file:///Volumes/Seagate%20Thunderbolt%20Drive/Music/Michael%20Jackson%20f.%20Eve/Unknown%20Album/Butterflies%20(Remix).mp3