Track ID,Name,Artist,Album,Genre,2020-09-19 02:51:57,Play Count,Location
125406,La Bella Crisis,Alberto Stylee,Don Omar Presenta: El Pentagono,Reggaeton,2020-09-15 02:52:23,0,file:///Volumes/Seagate%20Thunderbolt%20Drive/Music/Various%20Artist/Don%20Omar%20Presenta_%20El%20Pentagono/18%20La%20Bella%20Crisis.mp3
124252,Permanent Remix,Variour Artisits,Top Reggaeton Hits,Reggaeton,2020-09-02 20:38:44,0,file:///Volumes/Seagate%20Thunderbolt%20Drive/Music/Various%20Artiist/Top%20Reggaeton%20Hits/Permanent%20Remix.mp3
124250,Pasan Los Dias,Variour Artisits,Top Reggaeton Hits,Reggaeton,2020-09-23 14:17:49,0,file:///Volumes/Seagate%20Thunderbolt%20Drive/Music/Various%20Artiist/Top%20Reggaeton%20Hits/Pasan%20Los%20Dias.mp3
124248,Pa' Ta Bajo Contigo,Variour Artisits,Top Reggaeton Hits,Reggaeton,2020-09-10 23:26:45,0,file:///Volumes/Seagate%20Thunderbolt%20Drive/Music/Various%20Artiist/Top%20Reggaeton%20Hits/Pa'%20Ta%20Bajo%20Contigo.mp3
124244,No Te Equivoques,Variour Artisits,Top Reggaeton Hits,Reggaeton,2020-09-24 00:46:46,0,file:///Volumes/Seagate%20Thunderbolt%20Drive/Music/Various%20Artiist/Top%20Reggaeton%20Hits/No%20Te%20Equivoques.mp3
124242,No Necesito (Official Remix) (Pr,Variour Artisits,Top Reggaeton Hits,Reggaeton,2020-09-08 03:07:30,0,file:///Volumes/Seagate%20Thunderbolt%20Drive/Music/Various%20Artiist/Top%20Reggaeton%20Hits/No%20Necesito%20(Official%20Remix)%20(Pr.mp3
124240,No Hay Nadie Como Ella,Variour Artisits,Top Reggaeton Hits,Reggaeton,2020-09-06 23:04:09,0,file:///Volumes/Seagate%20Thunderbolt%20Drive/Music/Various%20Artiist/Top%20Reggaeton%20Hits/No%20Hay%20Nadie%20Como%20Ella.mp3
124236,Mis Canciones Hablan De Sexo,Variour Artisits,Top Reggaeton Hits,Reggaeton,2020-09-26 21:32:53,0,file:///Volumes/Seagate%20Thunderbolt%20Drive/Music/Various%20Artiist/Top%20Reggaeton%20Hits/Mis%20Canciones%20Hablan%20De%20Sexo.mp3
124254,Prrrum (Prod By Dj Blass & Ecko),Variour Artisits,Top Reggaeton Hits,Reggaeton,2020-09-25 23:15:30,0,file:///Volumes/Seagate%20Thunderbolt%20Drive/Music/Various%20Artiist/Top%20Reggaeton%20Hits/Prrrum%20(Prod%20By%20Dj%20Blass%20&%20Ecko).mp3
124230,Malas Intenciones,Variour Artisits,Top Reggaeton Hits,Reggaeton,2020-09-04 18:49:55,0,file:///Volumes/Seagate%20Thunderbolt%20Drive/Music/Various%20Artiist/Top%20Reggaeton%20Hits/Malas%20Intenciones.mp3
124226,Lo Mismo Siento,Variour Artisits,Top Reggaeton Hits,Reggaeton,2020-09-04 07:12:18,0,file:///Volumes/Seagate%20Thunderbolt%20Drive/Music/Various%20Artiist/Top%20Reggaeton%20Hits/Lo%20Mismo%20Siento.mp3
124224,"La, La, La, La",2020-09-18 16:58:00,Top Reggaeton Hits,Reggaeton,2014-08-26 01:59:59,0,"file:///Volumes/Seagate%20Thunderbolt%20Drive/Music/Various%20Artiist/Top%20Reggaeton%20Hits/La,%20La,%20La,%20La.mp3"
124276,The Kingdom Must Fall (Tiraera Pa,Variour Artisits,Top Reggaeton Hits,Reggaeton,2020-09-30 19:59:47,0,file:///Volumes/Seagate%20Thunderbolt%20Drive/Music/Various%20Artiist/Top%20Reggaeton%20Hits/The%20Kingdom%20Must%20Fall%20(Tiraera%20Pa.mp3
124214,Iglesia Del Perreo,Variour Artisits,Top Reggaeton Hits,Reggaeton,2020-09-11 01:19:35,0,file:///Volumes/Seagate%20Thunderbolt%20Drive/Music/Various%20Artiist/Top%20Reggaeton%20Hits/Iglesia%20Del%20Perreo.mp3
124212,Humo (Original),Variour Artisits,Top Reggaeton Hits,Reggaeton,2020-09-08 05:20:30,0,file:///Volumes/Seagate%20Thunderbolt%20Drive/Music/Various%20Artiist/Top%20Reggaeton%20Hits/Humo%20(Original).mp3
124208,Golpe De Estado,Variour Artisits,Top Reggaeton Hits,Reggaeton,2020-09-14 10:42:22,0,file:///Volumes/Seagate%20Thunderbolt%20Drive/Music/Various%20Artiist/Top%20Reggaeton%20Hits/Golpe%20De%20Estado.mp3
124204,Flakiaste Remix,Variour Artisits,Top Reggaeton Hits,Reggaeton,2020-09-08 08:19:20,0,file:///Volumes/Seagate%20Thunderbolt%20Drive/Music/Various%20Artiist/Top%20Reggaeton%20Hits/Flakiaste%20Remix.mp3
124228,Mala Conducta,Variour Artisits,Top Reggaeton Hits,Reggaeton,2020-09-05 02:07:22,0,file:///Volumes/Seagate%20Thunderbolt%20Drive/Music/Various%20Artiist/Top%20Reggaeton%20Hits/Mala%20Conducta.mp3
124256,Prueba De Sonido,Variour Artisits,Top Reggaeton Hits,Reggaeton,2020-09-12 17:07:44,0,file:///Volumes/Seagate%20Thunderbolt%20Drive/Music/Various%20Artiist/Top%20Reggaeton%20Hits/Prueba%20De%20Sonido.mp3
124258,Psycos,Variour Artisits,Top Reggaeton Hits,Reggaeton,2020-09-03 20:11:36,0,file:///Volumes/Seagate%20Thunderbolt%20Drive/Music/Various%20Artiist/Top%20Reggaeton%20Hits/Psycos.mp3
124260,Rastrillea 2 (20 Minutos) (Offici,Variour Artisits,Top Reggaeton Hits,Reggaeton,2020-09-02 22:25:07,0,file:///Volumes/Seagate%20Thunderbolt%20Drive/Music/Various%20Artiist/Top%20Reggaeton%20Hits/Rastrillea%202%20(20%20Minutos)%20(Offici.mp3
128118,Aprovéchalo,Wisin & Yandel,Wisin Vs. Yandel: Los Extraterrestres,Reggaeton,2020-09-13 16:54:12,0,file:///Volumes/Seagate%20Thunderbolt%20Drive/Music/Wisin%20&%20Yandel/Wisin%20Vs.%20Yandel_%20Los%20Extraterrestres/03%20Aprove%CC%81chalo.mp3
125416,Ahora Es,Wisin & Yandel,DTL Reggaeton 2008,Reggaeton,2020-09-14 01:19:23,0,file:///Volumes/Seagate%20Thunderbolt%20Drive/Music/Various%20Artist/DTL%20Reggaeton%202008/07%20Ahora%20Es.mp3
125398,Nosotros Dos,Wibal & Alex,Don Omar Presenta: El Pentagono,Reggaeton,2020-09-22 15:11:58,0,file:///Volumes/Seagate%20Thunderbolt%20Drive/Music/Various%20Artist/Don%20Omar%20Presenta_%20El%20Pentagono/14%20Nosotros%20Dos.mp3
126708,Dimelo Mami (Official Remix),Voltio Ft Daddy Yankee ,VA.-.Reggaeton.(2009),Reggaeton,2020-09-11 06:44:38,0,file:///Volumes/Seagate%20Thunderbolt%20Drive/Music/Voltio%20Ft%20Daddy%20Yankee/VA.-.Reggaeton.(2009)/07%20Dimelo%20Mami%20(Official%20Remix).mp3
125430,Ponmela 120,Voltio feat. Jowell & Randy,DTL Reggaeton 2008,Reggaeton,2020-10-01 08:26:28,0,file:///Volumes/Seagate%20Thunderbolt%20Drive/Music/Various%20Artist/DTL%20Reggaeton%202008/13%20Ponmela%20120.mp3
47326,Tu Pa'Tras Y Yo Pa'Lante,Voltio,Los Bandoleros Reloaded - CD 1,Reggaeton,2020-09-12 17:49:52,0,file:///Volumes/Seagate%20Thunderbolt%20Drive/Music/Compilations/Los%20Bandoleros%20Reloaded%20-%20CD%201/1-08%20Tu%20Pa'Tras%20Y%20Yo%20Pa'Lante.mp3
47318,La Vecinita,Vico C,Los Bandoleros Reloaded - CD 1,Reggaeton,2020-09-24 18:00:19,0,file:///Volumes/Seagate%20Thunderbolt%20Drive/Music/Compilations/Los%20Bandoleros%20Reloaded%20-%20CD%201/1-04%20La%20Vecinita.mp3
124218,Intro Montana,Various Artists,Top Reggaeton Hits,Reggaeton,2020-09-25 09:27:04,0,file:///Volumes/Seagate%20Thunderbolt%20Drive/Music/Various%20Artiist/Top%20Reggaeton%20Hits/Intro%20Montana.mp3
124282,Victima,Variour Artisits,Top Reggaeton Hits,Reggaeton,2020-09-17 10:33:35,0,file:///Volumes/Seagate%20Thunderbolt%20Drive/Music/Various%20Artiist/Top%20Reggaeton%20Hits/Victima.mp3
124280,Tu No Tienes Ni Un Peso (Prod. By,Variour Artisits,Top Reggaeton Hits,Reggaeton,2020-09-09 18:07:36,0,file:///Volumes/Seagate%20Thunderbolt%20Drive/Music/Various%20Artiist/Top%20Reggaeton%20Hits/Tu%20No%20Tienes%20Ni%20Un%20Peso%20(Prod.%20By.mp3
124278,Tocandote Toa,Variour Artisits,Top Reggaeton Hits,Reggaeton,2020-09-21 15:03:16,0,file:///Volumes/Seagate%20Thunderbolt%20Drive/Music/Various%20Artiist/Top%20Reggaeton%20Hits/Tocandote%20Toa.mp3
124272,Te Siento,Variour Artisits,Top Reggaeton Hits,Reggaeton,2020-09-08 05:13:55,0,file:///Volumes/Seagate%20Thunderbolt%20Drive/Music/Various%20Artiist/Top%20Reggaeton%20Hits/Te%20Siento.mp3
124270,Te Ire A Buscar Remix,Variour Artisits,Top Reggaeton Hits,Reggaeton,2020-09-15 12:11:38,0,file:///Volumes/Seagate%20Thunderbolt%20Drive/Music/Various%20Artiist/Top%20Reggaeton%20Hits/Te%20Ire%20A%20Buscar%20Remix.mp3
124268,Tapu Tapu,Variour Artisits,Top Reggaeton Hits,Reggaeton,2020-09-29 02:24:31,0,file:///Volumes/Seagate%20Thunderbolt%20Drive/Music/Various%20Artiist/Top%20Reggaeton%20Hits/Tapu%20Tapu.mp3
124266,Sueños Mojados (Official Remix) ,Variour Artisits,Top Reggaeton Hits,Reggaeton,2020-09-02 09:53:16,0,file:///Volumes/Seagate%20Thunderbolt%20Drive/Music/Various%20Artiist/Top%20Reggaeton%20Hits/Suen%CC%83os%20Mojados%20(Official%20Remix).mp3
124264,Si Te Acuerdad De Mi (Official Remix),Variour Artisits,Top Reggaeton Hits,Reggaeton,2020-09-04 00:04:48,0,file:///Volumes/Seagate%20Thunderbolt%20Drive/Music/Various%20Artiist/Top%20Reggaeton%20Hits/Si%20Te%20Acuerdad%20De%20Mi%20(Official%20Remix).mp3
124262,Sandungueo,Variour Artisits,Top Reggaeton Hits,Reggaeton,2020-09-10 07:22:39,0,file:///Volumes/Seagate%20Thunderbolt%20Drive/Music/Various%20Artiist/Top%20Reggaeton%20Hits/Sandungueo.mp3
124196,El Doctorado (Official Remix) Fea,Variour Artisits,Top Reggaeton Hits,Reggaeton,2020-09-19 03:10:43,0,file:///Volumes/Seagate%20Thunderbolt%20Drive/Music/Various%20Artiist/Top%20Reggaeton%20Hits/El%20Doctorado%20(Official%20Remix)%20Fea.mp3
128120,Pidiendo Calor,Wisin & Yandel,Wisin Vs. Yandel: Los Extraterrestres,Reggaeton,2020-09-28 11:41:34,0,file:///Volumes/Seagate%20Thunderbolt%20Drive/Music/Wisin%20&%20Yandel/Wisin%20Vs.%20Yandel_%20Los%20Extraterrestres/04%20Pidiendo%20Calor.mp3
124194,Descontro,Variour Artisits,Top Reggaeton Hits,Reggaeton,2020-09-29 01:20:00,0,file:///Volumes/Seagate%20Thunderbolt%20Drive/Music/Various%20Artiist/Top%20Reggaeton%20Hits/Descontro.mp3
124190,Chocopop Feat. Maicol & Manuel,Variour Artisits,Top Reggaeton Hits,Reggaeton,2020-09-12 09:37:16,0,file:///Volumes/Seagate%20Thunderbolt%20Drive/Music/Various%20Artiist/Top%20Reggaeton%20Hits/Chocopop%20Feat.%20Maicol%20&%20Manuel.mp3
106300,Son Dos Alas (Interlude),Tego Calderon,The Underdog El Subestimado,Reggaeton,2020-09-08 03:55:28,0,file:///Volumes/Seagate%20Thunderbolt%20Drive/Music/Tego%20Calderon/The%20Underdog%20El%20Subestimado/14%20Son%20Dos%20Alas%20(Interlude).mp3
106298,Extremidades,Tego Calderon,The Underdog El Subestimado,Reggaeton,2020-09-09 23:28:12,0,file:///Volumes/Seagate%20Thunderbolt%20Drive/Music/Tego%20Calderon/The%20Underdog%20El%20Subestimado/13%20Extremidades.mp3
106296,Oh Dios,Tego Calderon,The Underdog El Subestimado,Reggaeton,2020-09-27 13:17:03,0,file:///Volumes/Seagate%20Thunderbolt%20Drive/Music/Tego%20Calderon/The%20Underdog%20El%20Subestimado/12%20Oh%20Dios.mp3
106294,"Veo, Veo",Tego Calderon,The Underdog El Subestimado,2020-09-03 02:57:18,2014-08-26 01:59:59,0,"file:///Volumes/Seagate%20Thunderbolt%20Drive/Music/Tego%20Calderon/The%20Underdog%20El%20Subestimado/11%20Veo,%20Veo.mp3"
106292,Chillin' (Feat Don Omar),Tego Calderon,The Underdog El Subestimado,Reggaeton,2020-09-29 05:09:47,0,file:///Volumes/Seagate%20Thunderbolt%20Drive/Music/Tego%20Calderon/The%20Underdog%20El%20Subestimado/10%20Chillin'%20(Feat%20Don%20Omar).mp3
106290,"Llora, Llora (Feat Oscar D'Leon)",Tego Calderon,The Underdog El Subestimado,2020-09-30 14:41:23,2014-08-26 01:59:59,0,"file:///Volumes/Seagate%20Thunderbolt%20Drive/Music/Tego%20Calderon/The%20Underdog%20El%20Subestimado/09%20Llora,%20Llora%20(Feat%20Oscar%20D'Leon).mp3"
106288,Comprenderás,Tego Calderon,The Underdog El Subestimado,Reggaeton,2020-09-12 00:30:54,0,file:///Volumes/Seagate%20Thunderbolt%20Drive/Music/Tego%20Calderon/The%20Underdog%20El%20Subestimado/08%20Comprendera%CC%81s.mp3
106302,Chango Blanco,Tego Calderon,The Underdog El Subestimado,Reggaeton,2020-09-02 23:46:40,0,file:///Volumes/Seagate%20Thunderbolt%20Drive/Music/Tego%20Calderon/The%20Underdog%20El%20Subestimado/15%20Chango%20Blanco.mp3
106286,Payaso (Feat Eddie Dee & Voltio),Tego Calderon,The Underdog El Subestimado,Reggaeton,2020-09-26 12:26:53,0,file:///Volumes/Seagate%20Thunderbolt%20Drive/Music/Tego%20Calderon/The%20Underdog%20El%20Subestimado/07%20Payaso%20(Feat%20Eddie%20Dee%20&%20Voltio).mp3
106282,Pon La Cara,Tego Calderon,The Underdog El Subestimado,Reggaeton,2020-09-21 17:44:59,0,file:///Volumes/Seagate%20Thunderbolt%20Drive/Music/Tego%20Calderon/The%20Underdog%20El%20Subestimado/05%20Pon%20La%20Cara.mp3
106280,Slo Mo',Tego Calderon,The Underdog El Subestimado,Reggaeton,2020-09-19 18:31:21,0,file:///Volumes/Seagate%20Thunderbolt%20Drive/Music/Tego%20Calderon/The%20Underdog%20El%20Subestimado/04%20Slo%20Mo'.mp3
106278,Mardi Gras,Tego Calderon,The Underdog El Subestimado,Reggaeton,2020-09-04 15:17:26,0,file:///Volumes/Seagate%20Thunderbolt%20Drive/Music/Tego%20Calderon/The%20Underdog%20El%20Subestimado/03%20Mardi%20Gras.mp3
106276,Los Maté,Tego Calderon,The Underdog El Subestimado,Reggaeton,2020-09-07 00:23:15,0,file:///Volumes/Seagate%20Thunderbolt%20Drive/Music/Tego%20Calderon/The%20Underdog%20El%20Subestimado/02%20Los%20Mate%CC%81.mp3
106274,¿Cómo Me Llamo Yo?,Tego Calderon,The Underdog El Subestimado,Reggaeton,2020-09-30 12:23:17,0,file:///Volumes/Seagate%20Thunderbolt%20Drive/Music/Tego%20Calderon/The%20Underdog%20El%20Subestimado/01%20%C2%BFCo%CC%81mo%20Me%20Llamo%20Yo_.mp3
106346,No Sufras por Ella,Tego Calderon,El Enemy de los Guasibiri,Reggaeton,2020-09-29 12:26:36,0,file:///Volumes/Seagate%20Thunderbolt%20Drive/Music/Tego%20Caldero%CC%81n/El%20Enemy%20de%20los%20Guasibiri/17%20No%20Sufras%20por%20Ella.mp3
106344,No Paso el Cerdo,Tego Calderon,El Enemy de los Guasibiri,Reggaeton,2020-09-28 17:57:11,0,file:///Volumes/Seagate%20Thunderbolt%20Drive/Music/Tego%20Caldero%CC%81n/El%20Enemy%20de%20los%20Guasibiri/16%20No%20Paso%20el%20Cerdo.mp3
106284,Payaso (Interlude),Tego Calderon,The Underdog El Subestimado,Reggaeton,2020-09-08 13:17:52,0,file:///Volumes/Seagate%20Thunderbolt%20Drive/Music/Tego%20Calderon/The%20Underdog%20El%20Subestimado/06%20Payaso%20(Interlude).mp3
106304,A Mi Papá,Tego Calderon,The Underdog El Subestimado,Reggaeton,2020-09-18 04:29:51,0,file:///Volumes/Seagate%20Thunderbolt%20Drive/Music/Tego%20Calderon/The%20Underdog%20El%20Subestimado/16%20A%20Mi%20Papa%CC%81.mp3
106306,Cuando Baila Reggaetón (Feat Yandel),Tego Calderon,The Underdog El Subestimado,Reggaeton,2020-09-20 12:41:21,0,file:///Volumes/Seagate%20Thunderbolt%20Drive/Music/Tego%20Calderon/The%20Underdog%20El%20Subestimado/17%20Cuando%20Baila%20Reggaeto%CC%81n%20(Feat%20Yandel).mp3
106308,"Bureo, Bureo",Tego Calderon,The Underdog El Subestimado,2020-09-02 05:04:21,2014-08-26 01:59:59,0,"file:///Volumes/Seagate%20Thunderbolt%20Drive/Music/Tego%20Calderon/The%20Underdog%20El%20Subestimado/18%20Bureo,%20Bureo.mp3"
124188,"Calor, Sudor Remix",Variour Artisits,Top Reggaeton Hits,2020-09-18 17:48:05,2014-08-26 01:59:59,0,"file:///Volumes/Seagate%20Thunderbolt%20Drive/Music/Various%20Artiist/Top%20Reggaeton%20Hits/Calor,%20Sudor%20Remix.mp3"
125596,Woman Fo So,Valentino King,Reggaeton Beats Vol. 9,Reggaeton,2020-09-25 06:25:09,0,file:///Volumes/Seagate%20Thunderbolt%20Drive/Music/Various%20Artist/Reggaeton%20Beats%20Vol.%209/1-09%20Woman%20Fo%20So.mp3
47324,Cae La Luna,Valentino,Los Bandoleros Reloaded - CD 1,Reggaeton,2020-09-28 21:04:07,0,file:///Volumes/Seagate%20Thunderbolt%20Drive/Music/Compilations/Los%20Bandoleros%20Reloaded%20-%20CD%201/1-07%20Cae%20La%20Luna.mp3
124232,Mas Remix,Tony Dize Ft. Nelly Furtado,Top Reggaeton Hits,Reggaeton,2020-09-13 00:47:18,0,file:///Volumes/Seagate%20Thunderbolt%20Drive/Music/Various%20Artiist/Top%20Reggaeton%20Hits/Mas%20Remix.mp3
124182,Agresiva Remix,Tony Dize Ft. Cosculluela,Top Reggaeton Hits,Reggaeton,2020-09-01 20:51:36,0,file:///Volumes/Seagate%20Thunderbolt%20Drive/Music/Various%20Artiist/Top%20Reggaeton%20Hits/Agresiva%20Remix.mp3
124234,Mi Amor Es Pobre,Tony Dize Ft. Arcangel & Ken-Y,Top Reggaeton Hits,Reggaeton,2020-09-28 21:23:19,0,file:///Volumes/Seagate%20Thunderbolt%20Drive/Music/Various%20Artiist/Top%20Reggaeton%20Hits/Mi%20Amor%20Es%20Pobre.mp3
112204,Descontrol,Tony Dize feat Wisin and Yandel,VA.-.Reggaeton.(2009),Reggaeton,2020-09-08 22:44:14,0,file:///Volumes/Seagate%20Thunderbolt%20Drive/Music/Tony%20Dize%20feat%20Wisin%20and%20Yandel/VA.-.Reggaeton.(2009)/37%20Descontrol.mp3
124202,Entre Los Dos,Tony Dize,Top Reggaeton Hits,Reggaeton,2020-09-10 02:30:48,0,file:///Volumes/Seagate%20Thunderbolt%20Drive/Music/Various%20Artiist/Top%20Reggaeton%20Hits/Entre%20Los%20Dos.mp3
125606,Ahora O Nunca,Tono & Pikolo Zam,Reggaeton Beats Vol. 9,Reggaeton,2020-09-30 12:51:40,0,file:///Volumes/Seagate%20Thunderbolt%20Drive/Music/Various%20Artist/Reggaeton%20Beats%20Vol.%209/1-14%20Ahora%20O%20Nunca.mp3
47364,Dios Te Libre,TNT,Los Bandoleros Reloaded - CD 2 ,Reggaeton,2020-09-22 10:17:50,0,file:///Volumes/Seagate%20Thunderbolt%20Drive/Music/Compilations/Los%20Bandoleros%20Reloaded%20-%20CD%202/2-12%20Dios%20Te%20Libre.mp3
111774,Under,Tito El Bambin,VA.-.Reggaeton.(2009),Reggaeton,2020-09-28 17:07:21,0,file:///Volumes/Seagate%20Thunderbolt%20Drive/Music/Tito%20El%20Bambin/VA.-.Reggaeton.(2009)/28%20Under.mp3
124180,Agárrala,"Tito ""El Bambino"" Ft. Plan B",Top Reggaeton Hits,Reggaeton,2020-09-30 18:17:45,0,file:///Volumes/Seagate%20Thunderbolt%20Drive/Music/Various%20Artiist/Top%20Reggaeton%20Hits/Aga%CC%81rrala.mp3
106318,Llegó El Chynyn (Feat Chyno Nyno) (Bonus Track),Tego Calderon,The Underdog El Subestimado,Reggaeton,2020-09-18 20:41:16,0,file:///Volumes/Seagate%20Thunderbolt%20Drive/Music/Tego%20Calderon/The%20Underdog%20El%20Subestimado/23%20Llego%CC%81%20El%20Chynyn%20(Feat%20Chyno%20Nyno)%20(Bonus%20Track).mp3
106316,Mil Cosas (Bonus Track),Tego Calderon,The Underdog El Subestimado,Reggaeton,2020-09-09 16:44:08,0,file:///Volumes/Seagate%20Thunderbolt%20Drive/Music/Tego%20Calderon/The%20Underdog%20El%20Subestimado/22%20Mil%20Cosas%20(Bonus%20Track).mp3
106314,Bad Man (Feat Buju Banton),Tego Calderon,The Underdog El Subestimado,Reggaeton,2020-09-15 13:52:57,0,file:///Volumes/Seagate%20Thunderbolt%20Drive/Music/Tego%20Calderon/The%20Underdog%20El%20Subestimado/21%20Bad%20Man%20(Feat%20Buju%20Banton).mp3
106312,Llévatelo Todo,Tego Calderon,The Underdog El Subestimado,Reggaeton,2020-09-20 00:23:08,0,file:///Volumes/Seagate%20Thunderbolt%20Drive/Music/Tego%20Calderon/The%20Underdog%20El%20Subestimado/20%20Lle%CC%81vatelo%20Todo.mp3
106310,Por Qué (Interlude),Tego Calderon,The Underdog El Subestimado,Reggaeton,2020-09-28 06:07:53,0,file:///Volumes/Seagate%20Thunderbolt%20Drive/Music/Tego%20Calderon/The%20Underdog%20El%20Subestimado/19%20Por%20Que%CC%81%20(Interlude).mp3
124192,Dandole,Variour Artisits,Top Reggaeton Hits,Reggaeton,2020-09-21 00:15:43,0,file:///Volumes/Seagate%20Thunderbolt%20Drive/Music/Various%20Artiist/Top%20Reggaeton%20Hits/Dandole.mp3
128122,Control,Wisin & Yandel,Wisin Vs. Yandel: Los Extraterrestres,Reggaeton,2020-09-05 22:16:54,0,file:///Volumes/Seagate%20Thunderbolt%20Drive/Music/Wisin%20&%20Yandel/Wisin%20Vs.%20Yandel_%20Los%20Extraterrestres/05%20Control.mp3
128124,Una Noche Más,Wisin & Yandel,Wisin Vs. Yandel: Los Extraterrestres,Reggaeton,2020-09-22 05:15:56,0,file:///Volumes/Seagate%20Thunderbolt%20Drive/Music/Wisin%20&%20Yandel/Wisin%20Vs.%20Yandel_%20Los%20Extraterrestres/06%20Una%20Noche%20Ma%CC%81s.mp3
128126,Dime Quiénes Son,Wisin & Yandel,Wisin Vs. Yandel: Los Extraterrestres,Reggaeton,2020-09-11 22:32:09,0,file:///Volumes/Seagate%20Thunderbolt%20Drive/Music/Wisin%20&%20Yandel/Wisin%20Vs.%20Yandel_%20Los%20Extraterrestres/07%20Dime%20Quie%CC%81nes%20Son.mp3
128258,Caliente Y Pega,Wisin y Yandel ft. El Tio,Los Vaqueros,Reggaeton,2020-09-07 02:57:44,0,file:///Volumes/Seagate%20Thunderbolt%20Drive/Music/Wisin%20y%20Yandel%20ft.%20El%20Tio/Los%20Vaqueros/19%20Caliente%20Y%20Pega.mp3
128256,ChuChin,Wisin y Yandel ft. El Tio,Los Vaqueros,Reggaeton,2020-09-22 19:24:13,0,file:///Volumes/Seagate%20Thunderbolt%20Drive/Music/Wisin%20y%20Yandel%20ft.%20El%20Tio/Los%20Vaqueros/12%20ChuChin.mp3
128254,Mujeron,Wisin y Yandel ft. El Tio,Los Vaqueros,Reggaeton,2020-09-17 00:14:14,0,file:///Volumes/Seagate%20Thunderbolt%20Drive/Music/Wisin%20y%20Yandel%20ft.%20El%20Tio/Los%20Vaqueros/07%20Mujeron.mp3
128252,Quiero Hacerte El Amor,Wisin y Yandel ft. El Gorilla,,Reggaeton,2020-09-27 23:54:22,0,file:///Volumes/Seagate%20Thunderbolt%20Drive/Music/Wisin%20y%20Yandel%20ft.%20El%20Gorilla/Unknown%20Album/Quiero%20Hacerte%20El%20Amor.mp3
128250,La Calle Me Llama,Wisin y Yandel ft. Don Omar Tego Calderon,,Reggaeton,2020-09-17 21:34:39,0,file:///Volumes/Seagate%20Thunderbolt%20Drive/Music/Wisin%20y%20Yandel%20ft.%20Don%20Omar%20Tego%20Calderon/Unknown%20Album/La%20Calle%20Me%20Llama.mp3
128248,No Pierdas Tiempo,Wisin y Yandel feat. Tony Dize,,Reggaeton,2020-09-08 18:42:30,0,file:///Volumes/Seagate%20Thunderbolt%20Drive/Music/Wisin%20y%20Yandel%20feat.%20Tony%20Dize/Unknown%20Album/09%20No%20Pierdas%20Tiempo.mp3
128246,El Telefono,Wisin y Yandel Feat. Hector El Father,Los Vaqueros,Reggaeton,2020-09-16 21:26:57,0,file:///Volumes/Seagate%20Thunderbolt%20Drive/Music/Wisin%20y%20Yandel%20Feat.%20Hector%20El%20Father/Los%20Vaqueros/22%20El%20Telefono.mp3
128260,Dame Un Kiss,Wisin y Yandel ft. Franco El Gorilla,Los Vaqueros,Reggaeton,2020-09-03 16:46:22,0,file:///Volumes/Seagate%20Thunderbolt%20Drive/Music/Wisin%20y%20Yandel%20ft.%20Franco%20El%20Gorilla/Los%20Vaqueros/05%20Dame%20Un%20Kiss.mp3
128244,Nadie Como Tu,Wisin y Yandel Feat. Don Omar,Los Vaqueros,Reggaeton,2020-09-28 22:23:24,0,file:///Volumes/Seagate%20Thunderbolt%20Drive/Music/Wisin%20y%20Yandel%20Feat.%20Don%20Omar/Los%20Vaqueros/06%20Nadie%20Como%20Tu.mp3
128220,En La Disco Bailoteo,Wisin y Yandel,,Reggaeton,2020-09-19 10:22:09,0,file:///Volumes/Seagate%20Thunderbolt%20Drive/Music/Wisin%20y%20Yandel/Unknown%20Album/13%20En%20La%20Disco%20Bailoteo.mp3
128218,Dembow,Wisin y Yandel,,Reggaeton,2020-09-20 09:15:20,0,file:///Volumes/Seagate%20Thunderbolt%20Drive/Music/Wisin%20y%20Yandel/Unknown%20Album/05%20Dembow.mp3
128216,Ya Me Canse,Wisin y Yandel,,Reggaeton,2020-09-21 01:42:37,0,file:///Volumes/Seagate%20Thunderbolt%20Drive/Music/Wisin%20y%20Yandel/Unknown%20Album/03%20Ya%20Me%20Canse.mp3
128214,El Que Te Puso A Bellaquiar,Wisin y Yandel,,Reggaeton,2020-09-26 05:42:18,0,file:///Volumes/Seagate%20Thunderbolt%20Drive/Music/Wisin%20y%20Yandel/Unknown%20Album/03%20El%20Que%20Te%20Puso%20A%20Bellaquiar.mp3
128212,Te Suelto El Pelo,Wisin y Yandel,,Reggaeton,2020-09-20 15:21:06,0,file:///Volumes/Seagate%20Thunderbolt%20Drive/Music/Wisin%20y%20Yandel/Unknown%20Album/02%20Te%20Suelto%20El%20Pelo.mp3
128226,Tu Cuerpo Me Llama,Wisin y Yandel,,Reggaeton,2020-09-24 07:28:31,0,file:///Volumes/Seagate%20Thunderbolt%20Drive/Music/Wisin%20y%20Yandel/Unknown%20Album/Tu%20Cuerpo%20Me%20Llama.mp3
128224,La Camella,Wisin y Yandel,,Reggaeton,2020-09-28 14:48:05,0,file:///Volumes/Seagate%20Thunderbolt%20Drive/Music/Wisin%20y%20Yandel/Unknown%20Album/La%20Camella.mp3
128222,Noche De Passion,Wisin y Yandel,,Reggaeton,2020-10-01 08:46:30,0,file:///Volumes/Seagate%20Thunderbolt%20Drive/Music/Wisin%20y%20Yandel/Unknown%20Album/17%20Noche%20De%20Passion.mp3
128262,Tiembla,Wisin y Yandel ft. Franco El Gorilla,Los Vaqueros,Reggaeton,2020-09-15 09:08:16,0,file:///Volumes/Seagate%20Thunderbolt%20Drive/Music/Wisin%20y%20Yandel%20ft.%20Franco%20El%20Gorilla/Los%20Vaqueros/15%20Tiembla.mp3
128264,Tiraera Round 3,Wisin y Yandel ft. Franco El Gorilla,Los Vaqueros,Reggaeton,2020-09-10 01:11:24,0,file:///Volumes/Seagate%20Thunderbolt%20Drive/Music/Wisin%20y%20Yandel%20ft.%20Franco%20El%20Gorilla/Los%20Vaqueros/17%20Tiraera%20Round%203.mp3
128266,Sal Del Callejon,Wisin y Yandel ft. Franco El Gorilla,Los Vaqueros,Reggaeton,2020-09-02 12:58:36,0,file:///Volumes/Seagate%20Thunderbolt%20Drive/Music/Wisin%20y%20Yandel%20ft.%20Franco%20El%20Gorilla/Los%20Vaqueros/21%20Sal%20Del%20Callejon.mp3
130284,(Flow Factory),Zion Ft. Don Omar & Arcangel ,VA.-.Reggaeton.(2009),Reggaeton,2020-09-15 01:31:41,0,file:///Volumes/Seagate%20Thunderbolt%20Drive/Music/Zion%20Ft.%20Don%20Omar%20&%20Arcangel/VA.-.Reggaeton.(2009)/20%20(Flow%20Factory).mp3
125436,Amor De Pobre,Zion f.,DTL Reggaeton 2008,Reggaeton,2020-09-17 14:43:49,0,file:///Volumes/Seagate%20Thunderbolt%20Drive/Music/Various%20Artist/DTL%20Reggaeton%202008/16%20Amor%20De%20Pobre.mp3
124274,Tengo Que Decir,Zion & Lennox,Top Reggaeton Hits,Reggaeton,2020-09-21 23:05:40,0,file:///Volumes/Seagate%20Thunderbolt%20Drive/Music/Various%20Artiist/Top%20Reggaeton%20Hits/Tengo%20Que%20Decir.mp3
125378,Veo,Zion,Don Omar Presenta: El Pentagono,Reggaeton,2020-09-14 18:06:48,0,file:///Volumes/Seagate%20Thunderbolt%20Drive/Music/Various%20Artist/Don%20Omar%20Presenta_%20El%20Pentagono/03%20Veo.mp3
129582,Descara (Official Remix),Yomo Ft. Wisin & Yandel ,VA.-.Reggaeton.(2009),Reggaeton,2020-09-25 18:15:30,0,file:///Volumes/Seagate%20Thunderbolt%20Drive/Music/Yomo%20Ft.%20Wisin%20&%20Yandel/VA.-.Reggaeton.(2009)/Descara%20(Official%20Remix).mp3
53106,Descara,Yomo,Reggaeton Rotation 6,Reggaeton,2020-09-07 05:00:20,0,file:///Volumes/Seagate%20Thunderbolt%20Drive/Music/DJ%20Sin-Cero/Reggaeton%20Rotation%206/02%20Descara.mp3
47338,Accion,Yaga & Mackie Ranks,Los Bandoleros Reloaded - CD 1,Reggaeton,2020-09-10 00:35:32,0,file:///Volumes/Seagate%20Thunderbolt%20Drive/Music/Compilations/Los%20Bandoleros%20Reloaded%20-%20CD%201/1-14%20Accion.mp3
47360,10 Quimica II,Wiso G,Los Bandoleros Reloaded - CD 2 ,Reggaeton,2020-09-26 17:20:31,0,file:///Volumes/Seagate%20Thunderbolt%20Drive/Music/Compilations/Los%20Bandoleros%20Reloaded%20-%20CD%202/2-10%2010%20Quimica%20II.mp3
128282,Soy De La Calle,"Wisin y Yandel, Franco El Gorilla Feat. Gallego",Los Vaqueros,2020-09-24 09:16:17,2014-08-26 01:59:59,0,"file:///Volumes/Seagate%20Thunderbolt%20Drive/Music/Wisin%20y%20Yandel,%20Franco%20El%20Gorilla%20Feat.%20Gallego/Los%20Vaqueros/09%20Soy%20De%20La%20Calle.mp3"
128280,Anoche Tuve Otra Pelea,Wisin y Yandel ft. Tony Dize,Los Vaqueros,Reggaeton,2020-09-24 05:15:27,0,file:///Volumes/Seagate%20Thunderbolt%20Drive/Music/Wisin%20y%20Yandel%20ft.%20Tony%20Dize/Los%20Vaqueros/20%20Anoche%20Tuve%20Otra%20Pelea.mp3
128278,Agarrala,Wisin y Yandel ft. Tony Dize,Los Vaqueros,Reggaeton,2020-09-10 03:32:27,0,file:///Volumes/Seagate%20Thunderbolt%20Drive/Music/Wisin%20y%20Yandel%20ft.%20Tony%20Dize/Los%20Vaqueros/13%20Agarrala.mp3
128276,Jangueo,Wisin y Yandel ft. Tony Dize,Los Vaqueros,Reggaeton,2020-09-17 22:35:29,0,file:///Volumes/Seagate%20Thunderbolt%20Drive/Music/Wisin%20y%20Yandel%20ft.%20Tony%20Dize/Los%20Vaqueros/10%20Jangueo.mp3
128274,Quizas,Wisin y Yandel ft. Tony Dize,Los Vaqueros,Reggaeton,2020-09-10 10:38:16,0,file:///Volumes/Seagate%20Thunderbolt%20Drive/Music/Wisin%20y%20Yandel%20ft.%20Tony%20Dize/Los%20Vaqueros/08%20Quizas.mp3
128102,Envuelvete,Wisin y Yandel ft. Tony Dize,Los Vaqueros,Reggaeton,2020-09-17 05:21:00,0,file:///Volumes/Seagate%20Thunderbolt%20Drive/Music/Wisin%20&%20Yandel/Los%20Vaqueros/03%20Envuelvete.mp3
128272,Buscando Algo,Wisin y Yandel ft. Gadiel,Los Vaqueros,Reggaeton,2020-09-30 12:55:54,0,file:///Volumes/Seagate%20Thunderbolt%20Drive/Music/Wisin%20y%20Yandel%20ft.%20Gadiel/Los%20Vaqueros/14%20Buscando%20Algo.mp3
128270,Electrica,Wisin y Yandel ft. Gadiel,Los Vaqueros,Reggaeton,2020-09-19 01:54:12,0,file:///Volumes/Seagate%20Thunderbolt%20Drive/Music/Wisin%20y%20Yandel%20ft.%20Gadiel/Los%20Vaqueros/04%20Electrica.mp3
128268,Quiero Hacerte El Amor,"Wisin y Yandel ft. Franco El Gorilla, El Tio",Los Vaqueros,2020-09-22 11:44:38,2014-08-26 01:59:59,0,"file:///Volumes/Seagate%20Thunderbolt%20Drive/Music/Wisin%20y%20Yandel%20ft.%20Franco%20El%20Gorilla,%20El%20Tio/Los%20Vaqueros/18%20Quiero%20Hacerte%20El%20Amor.mp3"
128228,Siguelo,Wisin y Yandel,Wisin Vs. Yandel: Los Extraterrestres,Reggaeton,2020-09-07 17:05:18,0,file:///Volumes/Seagate%20Thunderbolt%20Drive/Music/Wisin%20y%20Yandel/Wisin%20Vs.%20Yandel_%20Los%20Extraterrestres/02%20Siguelo.mp3
128210,Rakata Feat.Tea Time (Hip Hop Remix),Wisin y Yandel,Pa'l Mundo,Reggaeton,2020-09-10 04:22:39,0,file:///Volumes/Seagate%20Thunderbolt%20Drive/Music/Wisin%20y%20Yandel/Pa'l%20Mundo/21%20Rakata%20Feat.Tea%20Time%20(Hip%20Hop%20Remix).mp3
128208,Rakata Feat.Ja Rule (Remix),Wisin y Yandel,Pa'l Mundo,Reggaeton,2020-09-05 22:15:21,0,file:///Volumes/Seagate%20Thunderbolt%20Drive/Music/Wisin%20y%20Yandel/Pa'l%20Mundo/20%20Rakata%20Feat.Ja%20Rule%20(Remix).mp3
128206,Fuera De Base,Wisin y Yandel,Pa'l Mundo,Reggaeton,2020-09-17 00:19:22,0,file:///Volumes/Seagate%20Thunderbolt%20Drive/Music/Wisin%20y%20Yandel/Pa'l%20Mundo/19%20Fuera%20De%20Base.mp3
128156,Mujeres En El Club [La Revolucion],Wisin & Yandel Ft. 50 Cent ,VA.-.Reggaeton.(2009),Reggaeton,2020-09-26 11:49:51,0,file:///Volumes/Seagate%20Thunderbolt%20Drive/Music/Wisin%20&%20Yandel%20Ft.%2050%20Cent/VA.-.Reggaeton.(2009)/13%20Mujeres%20En%20El%20Club%20%5BLa%20Revolucion%5D.mp3
128154, All Up To You (Official Merengue),Wisin & Yandel Ft Aventura & Akon,VA.-.Reggaeton.(2009),Reggaeton,2020-09-22 00:19:34,0,file:///Volumes/Seagate%20Thunderbolt%20Drive/Music/Wisin%20&%20Yandel%20Ft%20Aventura%20&%20Akon/VA.-.Reggaeton.(2009)/32%20%20All%20Up%20To%20You%20(Official%20Merengue).mp3
128152,Ella Me Llama (Official Remix),Wisin & Yandel Ft Akon ,VA.-.Reggaeton.(2009),Reggaeton,2020-09-25 19:19:43,0,file:///Volumes/Seagate%20Thunderbolt%20Drive/Music/Wisin%20&%20Yandel%20Ft%20Akon/VA.-.Reggaeton.(2009)/Ella%20Me%20Llama%20(Official%20Remix).mp3
128116,Abusadora (Prod. Tainy & Nesty),Wisin & Yandel ,VA.-.Reggaeton.(2009),Reggaeton,2020-09-26 19:58:16,0,file:///Volumes/Seagate%20Thunderbolt%20Drive/Music/Wisin%20&%20Yandel/VA.-.Reggaeton.(2009)/27%20Abusadora%20(Prod.%20Tainy%20&%20Nesty).mp3
128114,Quitame El Dolor,Wisin & Yandel ,VA.-.Reggaeton.(2009),Reggaeton,2020-09-19 18:37:31,0,file:///Volumes/Seagate%20Thunderbolt%20Drive/Music/Wisin%20&%20Yandel/VA.-.Reggaeton.(2009)/23%20Quitame%20El%20Dolor.mp3
128150,¿Por Que Me Tratas Así?,Wisin & Yandel,Wisin Vs. Yandel: Los Extraterrestres,Reggaeton,2020-09-19 07:25:30,0,file:///Volumes/Seagate%20Thunderbolt%20Drive/Music/Wisin%20&%20Yandel/Wisin%20Vs.%20Yandel_%20Los%20Extraterrestres/19%20%C2%BFPor%20Que%20Me%20Tratas%20Asi%CC%81_.mp3
128148,Tu Cuerpo Me Llama,Wisin & Yandel,Wisin Vs. Yandel: Los Extraterrestres,Reggaeton,2020-09-11 11:34:37,0,file:///Volumes/Seagate%20Thunderbolt%20Drive/Music/Wisin%20&%20Yandel/Wisin%20Vs.%20Yandel_%20Los%20Extraterrestres/18%20Tu%20Cuerpo%20Me%20Llama.mp3
128146,Jangueo,Wisin & Yandel,Wisin Vs. Yandel: Los Extraterrestres,Reggaeton,2020-09-06 09:00:36,0,file:///Volumes/Seagate%20Thunderbolt%20Drive/Music/Wisin%20&%20Yandel/Wisin%20Vs.%20Yandel_%20Los%20Extraterrestres/17%20Jangueo.mp3
128144,Oye Donde Está El Amor,Wisin & Yandel,Wisin Vs. Yandel: Los Extraterrestres,Reggaeton,2020-09-25 10:09:00,0,file:///Volumes/Seagate%20Thunderbolt%20Drive/Music/Wisin%20&%20Yandel/Wisin%20Vs.%20Yandel_%20Los%20Extraterrestres/16%20Oye%20Donde%20Esta%CC%81%20El%20Amor.mp3
128142,Vicio De Ti,Wisin & Yandel,Wisin Vs. Yandel: Los Extraterrestres,Reggaeton,2020-09-28 17:45:27,0,file:///Volumes/Seagate%20Thunderbolt%20Drive/Music/Wisin%20&%20Yandel/Wisin%20Vs.%20Yandel_%20Los%20Extraterrestres/15%20Vicio%20De%20Ti.mp3
128140,Como Tu No Hay Nadie,Wisin & Yandel,Wisin Vs. Yandel: Los Extraterrestres,Reggaeton,2020-09-08 10:41:21,0,file:///Volumes/Seagate%20Thunderbolt%20Drive/Music/Wisin%20&%20Yandel/Wisin%20Vs.%20Yandel_%20Los%20Extraterrestres/14%20Como%20Tu%20No%20Hay%20Nadie.mp3
128138,Te Hice Mujer,Wisin & Yandel,Wisin Vs. Yandel: Los Extraterrestres,Reggaeton,2020-09-12 11:23:57,0,file:///Volumes/Seagate%20Thunderbolt%20Drive/Music/Wisin%20&%20Yandel/Wisin%20Vs.%20Yandel_%20Los%20Extraterrestres/13%20Te%20Hice%20Mujer.mp3
128136,Imaginate,Wisin & Yandel,Wisin Vs. Yandel: Los Extraterrestres,Reggaeton,2020-09-19 04:51:25,0,file:///Volumes/Seagate%20Thunderbolt%20Drive/Music/Wisin%20&%20Yandel/Wisin%20Vs.%20Yandel_%20Los%20Extraterrestres/12%20Imaginate.mp3
128134,Presión,Wisin & Yandel,Wisin Vs. Yandel: Los Extraterrestres,Reggaeton,2020-09-01 20:37:56,0,file:///Volumes/Seagate%20Thunderbolt%20Drive/Music/Wisin%20&%20Yandel/Wisin%20Vs.%20Yandel_%20Los%20Extraterrestres/11%20Presio%CC%81n.mp3
128132,Ya Me Voy,Wisin & Yandel,Wisin Vs. Yandel: Los Extraterrestres,Reggaeton,2020-09-11 18:34:59,0,file:///Volumes/Seagate%20Thunderbolt%20Drive/Music/Wisin%20&%20Yandel/Wisin%20Vs.%20Yandel_%20Los%20Extraterrestres/10%20Ya%20Me%20Voy.mp3
128130,Sexy Movimiento,Wisin & Yandel,Wisin Vs. Yandel: Los Extraterrestres,Reggaeton,2020-09-18 13:44:21,0,file:///Volumes/Seagate%20Thunderbolt%20Drive/Music/Wisin%20&%20Yandel/Wisin%20Vs.%20Yandel_%20Los%20Extraterrestres/09%20Sexy%20Movimiento.mp3
128128,Las Cosas Cambiaron,Wisin & Yandel,Wisin Vs. Yandel: Los Extraterrestres,Reggaeton,2020-09-28 07:28:03,0,file:///Volumes/Seagate%20Thunderbolt%20Drive/Music/Wisin%20&%20Yandel/Wisin%20Vs.%20Yandel_%20Los%20Extraterrestres/08%20Las%20Cosas%20Cambiaron.mp3
128170,Pegao,Wisin y Yandel,Los Vaqueros,Reggaeton,2020-09-18 02:13:40,0,file:///Volumes/Seagate%20Thunderbolt%20Drive/Music/Wisin%20y%20Yandel/Los%20Vaqueros/02%20Pegao.mp3
106342,Dame un Chance,Tego Calderon,El Enemy de los Guasibiri,Reggaeton,2020-09-09 11:12:33,0,file:///Volumes/Seagate%20Thunderbolt%20Drive/Music/Tego%20Caldero%CC%81n/El%20Enemy%20de%20los%20Guasibiri/15%20Dame%20un%20Chance.mp3
128172,Yo Te Quiero,Wisin y Yandel,Los Vaqueros,Reggaeton,2020-09-07 11:26:25,0,file:///Volumes/Seagate%20Thunderbolt%20Drive/Music/Wisin%20y%20Yandel/Los%20Vaqueros/11%20Yo%20Te%20Quiero.mp3
128176,Dale (Intro) Feat.Mr Phillip,Wisin y Yandel,Pa'l Mundo,Reggaeton,2020-09-07 20:27:52,0,file:///Volumes/Seagate%20Thunderbolt%20Drive/Music/Wisin%20y%20Yandel/Pa'l%20Mundo/01%20Dale%20(Intro)%20Feat.Mr%20Phillip.mp3
128204,Yo Quiero,Wisin y Yandel,Pa'l Mundo,Reggaeton,2020-09-15 22:24:31,0,file:///Volumes/Seagate%20Thunderbolt%20Drive/Music/Wisin%20y%20Yandel/Pa'l%20Mundo/18%20Yo%20Quiero.mp3
128202,Titere,Wisin y Yandel,Pa'l Mundo,Reggaeton,2020-09-24 12:58:53,0,file:///Volumes/Seagate%20Thunderbolt%20Drive/Music/Wisin%20y%20Yandel/Pa'l%20Mundo/17%20Titere.mp3
128200,Lento,Wisin y Yandel,Pa'l Mundo,Reggaeton,2020-09-27 11:43:09,0,file:///Volumes/Seagate%20Thunderbolt%20Drive/Music/Wisin%20y%20Yandel/Pa'l%20Mundo/16%20Lento.mp3
128198,La Compania,Wisin y Yandel,Pa'l Mundo,Reggaeton,2020-09-11 19:11:00,0,file:///Volumes/Seagate%20Thunderbolt%20Drive/Music/Wisin%20y%20Yandel/Pa'l%20Mundo/15%20La%20Compania.mp3
128196,Mirala Bien,Wisin y Yandel,Pa'l Mundo,Reggaeton,2020-09-16 23:53:35,0,file:///Volumes/Seagate%20Thunderbolt%20Drive/Music/Wisin%20y%20Yandel/Pa'l%20Mundo/14%20Mirala%20Bien.mp3
128194,Noche De Sexo Feat.Aventura,Wisin y Yandel,Pa'l Mundo,Reggaeton,2020-09-10 14:43:24,0,file:///Volumes/Seagate%20Thunderbolt%20Drive/Music/Wisin%20y%20Yandel/Pa'l%20Mundo/13%20Noche%20De%20Sexo%20Feat.Aventura.mp3
128192,Tabla,Wisin y Yandel,Pa'l Mundo,Reggaeton,2020-09-22 18:56:02,0,file:///Volumes/Seagate%20Thunderbolt%20Drive/Music/Wisin%20y%20Yandel/Pa'l%20Mundo/12%20Tabla.mp3
128110,Sensacion Feat.Tonny Dize,Wisin y Yandel,Pa'l Mundo,Reggaeton,2020-09-24 07:32:56,0,file:///Volumes/Seagate%20Thunderbolt%20Drive/Music/Wisin%20&%20Yandel/Pa'l%20Mundo/11%20Sensacion%20Feat.Tonny%20Dize.mp3
128108,Rakata,Wisin y Yandel,Pa'l Mundo,Reggaeton,2020-09-12 04:52:39,0,file:///Volumes/Seagate%20Thunderbolt%20Drive/Music/Wisin%20&%20Yandel/Pa'l%20Mundo/10%20Rakata.mp3
128190,Sin El,Wisin y Yandel,Pa'l Mundo,Reggaeton,2020-09-17 19:09:22,0,file:///Volumes/Seagate%20Thunderbolt%20Drive/Music/Wisin%20y%20Yandel/Pa'l%20Mundo/09%20Sin%20El.mp3
128188,Calle Callejero,Wisin y Yandel,Pa'l Mundo,Reggaeton,2020-09-06 07:41:42,0,file:///Volumes/Seagate%20Thunderbolt%20Drive/Music/Wisin%20y%20Yandel/Pa'l%20Mundo/08%20Calle%20Callejero.mp3
128186,"La Barria Feat.Hector ""El Father""",Wisin y Yandel,Pa'l Mundo,Reggaeton,2020-09-02 15:00:39,0,file:///Volumes/Seagate%20Thunderbolt%20Drive/Music/Wisin%20y%20Yandel/Pa'l%20Mundo/07%20La%20Barria%20Feat.Hector%20_El%20Father_.mp3
128184,Mayor Que Yo Parte 2,Wisin y Yandel,Pa'l Mundo,Reggaeton,2020-09-04 00:33:13,0,file:///Volumes/Seagate%20Thunderbolt%20Drive/Music/Wisin%20y%20Yandel/Pa'l%20Mundo/06%20Mayor%20Que%20Yo%20Parte%202.mp3
128182,Solo Una Noche,Wisin y Yandel,Pa'l Mundo,Reggaeton,2020-09-08 15:11:10,0,file:///Volumes/Seagate%20Thunderbolt%20Drive/Music/Wisin%20y%20Yandel/Pa'l%20Mundo/05%20Solo%20Una%20Noche.mp3
128180,Paleta Feat.Daddy Yankee,Wisin y Yandel,Pa'l Mundo,Reggaeton,2020-09-05 03:08:35,0,file:///Volumes/Seagate%20Thunderbolt%20Drive/Music/Wisin%20y%20Yandel/Pa'l%20Mundo/04%20Paleta%20Feat.Daddy%20Yankee.mp3
128178,Llame Pa' Verte (Bailando Sexy),Wisin y Yandel,Pa'l Mundo,Reggaeton,2020-09-14 09:23:06,0,file:///Volumes/Seagate%20Thunderbolt%20Drive/Music/Wisin%20y%20Yandel/Pa'l%20Mundo/03%20Llame%20Pa'%20Verte%20(Bailando%20Sexy).mp3
128106,Manigueta,Wisin y Yandel,Pa'l Mundo,Reggaeton,2020-09-29 15:15:14,0,file:///Volumes/Seagate%20Thunderbolt%20Drive/Music/Wisin%20&%20Yandel/Pa'l%20Mundo/01%20Manigueta.mp3
128174,Fue W,Wisin y Yandel,Los Vaqueros,Reggaeton,2020-09-01 16:18:12,0,file:///Volumes/Seagate%20Thunderbolt%20Drive/Music/Wisin%20y%20Yandel/Los%20Vaqueros/16%20Fue%20W.mp3
125376,Easy,"Zion, Tego Calderon, Voltio,2020-09-21 20:22:03,Don Omar Presenta: El Pentagono,Reggaeton,2014-08-26 01:59:59,0,file:///Volumes/Seagate%20Thunderbolt%20Drive/Music/Various%20Artist/Don%20Omar%20Presenta_%20El%20Pentagono/01%20Easy.mp3
106272,Bailalo como tu Queiras,Tego Calderon,El Enemy de los Guasibiri,Reggaeton,2020-09-12 04:20:34,0,file:///Volumes/Seagate%20Thunderbolt%20Drive/Music/Tego%20Calderon/El%20Enemy%20de%20los%20Guasibiri/14%20Bailalo%20como%20tu%20Queiras.mp3
106338,Sopa de Letra,Tego Calderon,El Enemy de los Guasibiri,Reggaeton,2020-09-10 19:14:00,0,file:///Volumes/Seagate%20Thunderbolt%20Drive/Music/Tego%20Caldero%CC%81n/El%20Enemy%20de%20los%20Guasibiri/12%20Sopa%20de%20Letra.mp3
60530,Asi Soy,Franco 'El Gorila' Ft Yandel ,VA.-.Reggaeton.(2009),Reggaeton,2020-09-14 12:19:44,0,file:///Volumes/Seagate%20Thunderbolt%20Drive/Music/Franco%20'El%20Gorila'%20Ft%20Yandel/VA.-.Reggaeton.(2009)/33%20Asi%20Soy.mp3
60528,Sexo Seguro,Franco ''El Gorilla'' Ft. Yandel,VA.-.Reggaeton.(2009),Reggaeton,2020-09-02 23:00:32,0,file:///Volumes/Seagate%20Thunderbolt%20Drive/Music/Franco%20''El%20Gorilla''%20Ft.%20Yandel/VA.-.Reggaeton.(2009)/15%20Sexo%20Seguro.mp3
125422,Juanes Ft Adassa - Para Tu Amor ,EVCDGroup Pajarito,DTL Reggaeton 2008,Reggaeton,2020-09-30 11:48:24,0,file:///Volumes/Seagate%20Thunderbolt%20Drive/Music/Various%20Artist/DTL%20Reggaeton%202008/09%20Juanes%20Ft%20Adassa%20-%20Para%20Tu%20Amor.mp3
58020,Invisible ,Erre Xi feat Zion and Lennox,VA.-.Reggaeton.(2009),Reggaeton,2020-09-10 16:21:05,0,file:///Volumes/Seagate%20Thunderbolt%20Drive/Music/Erre%20Xi%20feat%20Zion%20and%20Lennox/VA.-.Reggaeton.(2009)/18%20Invisible.mp3
56346,Vamonos [The One Dollar Mixtape],Eloy Ft. Zion & Lennox ,VA.-.Reggaeton.(2009),Reggaeton,2020-09-29 09:44:36,0,file:///Volumes/Seagate%20Thunderbolt%20Drive/Music/Eloy%20Ft.%20Zion%20&%20Lennox/VA.-.Reggaeton.(2009)/16%20Vamonos%20%5BThe%20One%20Dollar%20Mixtape%5D.mp3
124238,Nadie Te Amara Como Yo Remix,Dyland & Lenny Ft. Arcangel y Zion,Top Reggaeton Hits,Reggaeton,2020-09-24 07:58:30,0,file:///Volumes/Seagate%20Thunderbolt%20Drive/Music/Various%20Artiist/Top%20Reggaeton%20Hits/Nadie%20Te%20Amara%20Como%20Yo%20Remix.mp3
125590,'t Komt Goed Vandaag,Dubbel En Dwars,Reggaeton Beats Vol. 9,Reggaeton,2020-09-03 05:26:15,0,file:///Volumes/Seagate%20Thunderbolt%20Drive/Music/Various%20Artist/Reggaeton%20Beats%20Vol.%209/1-06%20't%20Komt%20Goed%20Vandaag.mp3
125386,Suave Al Oido,Franco 'El Gorilla',Don Omar Presenta: El Pentagono,Reggaeton,2020-09-19 06:28:13,0,file:///Volumes/Seagate%20Thunderbolt%20Drive/Music/Various%20Artist/Don%20Omar%20Presenta_%20El%20Pentagono/07%20Suave%20Al%20Oido.mp3
125604,Let's ... The Party,Dope Boyz,Reggaeton Beats Vol. 9,Reggaeton,2020-09-28 08:25:12,0,file:///Volumes/Seagate%20Thunderbolt%20Drive/Music/Various%20Artist/Reggaeton%20Beats%20Vol.%209/1-13%20Let's%20...%20The%20Party.mp3
53522,Los Bandoleros,Don Omar feat. Tego Calderon,Los Bandoleros,Reggaeton,2020-09-11 19:25:09,0,file:///Volumes/Seagate%20Thunderbolt%20Drive/Music/Don%20Omar%20feat.%20Tego%20Calderon/Los%20Bandoleros/05%20Los%20Bandoleros.mp3
53498,Si Ella Esta Suelta [Official Guatauba Remix ],Don Omar & Daddy Yankee ,VA.-.Reggaeton.(2009),Reggaeton,2020-09-26 09:24:31,0,file:///Volumes/Seagate%20Thunderbolt%20Drive/Music/Don%20Omar%20&%20Daddy%20Yankee/VA.-.Reggaeton.(2009)/Si%20Ella%20Esta%20Suelta%20%5BOfficial%20Guatauba%20Remix%20%5D.mp3
53496,Virtual Diva.(Remix),Don omar,VA.-.Reggaeton.(2009),Reggaeton,2020-09-16 14:42:41,0,file:///Volumes/Seagate%20Thunderbolt%20Drive/Music/Don%20omar/VA.-.Reggaeton.(2009)/Virtual%20Diva.(Remix).mp3
53494,Club 3000,Don omar,VA.-.Reggaeton.(2009),Reggaeton,2020-09-15 14:41:18,0,file:///Volumes/Seagate%20Thunderbolt%20Drive/Music/Don%20omar/VA.-.Reggaeton.(2009)/Club%203000.mp3
124210,Hasta Abajo,Don Omar,Top Reggaeton Hits,Reggaeton,2020-09-17 00:20:17,0,file:///Volumes/Seagate%20Thunderbolt%20Drive/Music/Various%20Artiist/Top%20Reggaeton%20Hits/Hasta%20Abajo.mp3
47370,9/11/06,Don Omar,Los Bandoleros Reloaded - CD 2 ,Reggaeton,2020-09-11 23:38:49,0,file:///Volumes/Seagate%20Thunderbolt%20Drive/Music/Compilations/Los%20Bandoleros%20Reloaded%20-%20CD%202/2-15%209_11_06.mp3
47368,Yo No Me Dejo,Don Omar,Los Bandoleros Reloaded - CD 2 ,Reggaeton,2020-09-26 11:59:13,0,file:///Volumes/Seagate%20Thunderbolt%20Drive/Music/Compilations/Los%20Bandoleros%20Reloaded%20-%20CD%202/2-14%20Yo%20No%20Me%20Dejo.mp3
47316,My Space,Don Omar Feat. Wisin y Yandel,Los Bandoleros Reloaded - CD 1,Reggaeton,2020-09-28 23:44:17,0,file:///Volumes/Seagate%20Thunderbolt%20Drive/Music/Compilations/Los%20Bandoleros%20Reloaded%20-%20CD%201/1-03%20My%20Space.mp3
47322,Baila Sola,Franco 'El Gorilla',Los Bandoleros Reloaded - CD 1,Reggaeton,2020-09-27 06:29:25,0,file:///Volumes/Seagate%20Thunderbolt%20Drive/Music/Compilations/Los%20Bandoleros%20Reloaded%20-%20CD%201/1-06%20Baila%20Sola.mp3
124186,CaCeria De Patos,"Franco ""El Gorila""",Top Reggaeton Hits,Reggaeton,2020-09-27 21:49:54,0,file:///Volumes/Seagate%20Thunderbolt%20Drive/Music/Various%20Artiist/Top%20Reggaeton%20Hits/CaCeria%20De%20Patos.mp3
47312,Intro,Gallego,Los Bandoleros Reloaded - CD 1,Reggaeton,2020-09-27 13:48:15,0,file:///Volumes/Seagate%20Thunderbolt%20Drive/Music/Compilations/Los%20Bandoleros%20Reloaded%20-%20CD%201/1-01%20Intro.mp3
47328,Buscandote,Jomar,Los Bandoleros Reloaded - CD 1,Reggaeton,2020-09-02 19:12:16,0,file:///Volumes/Seagate%20Thunderbolt%20Drive/Music/Compilations/Los%20Bandoleros%20Reloaded%20-%20CD%201/1-09%20Buscandote.mp3
126142,RAMPLETERA,Johnny Prez,reggaeton powermove,Reggaeton,2020-09-24 03:36:20,0,file:///Volumes/Seagate%20Thunderbolt%20Drive/Music/Various%20Artists/reggaeton%20powermove/11%20RAMPLETERA.mp3
125396,Yo No Se Porque,John Erick,Don Omar Presenta: El Pentagono,Reggaeton,2020-09-13 23:43:52,0,file:///Volumes/Seagate%20Thunderbolt%20Drive/Music/Various%20Artist/Don%20Omar%20Presenta_%20El%20Pentagono/13%20Yo%20No%20Se%20Porque.mp3
124184,Bellaqueo De La Noche,Joan & Oneill Ft. Farruko,Top Reggaeton Hits,Reggaeton,2020-09-04 03:39:01,0,file:///Volumes/Seagate%20Thunderbolt%20Drive/Music/Various%20Artiist/Top%20Reggaeton%20Hits/Bellaqueo%20De%20La%20Noche.mp3
125392,Pide Mas,Joan & O'Neill,Don Omar Presenta: El Pentagono,Reggaeton,2020-09-02 13:29:45,0,file:///Volumes/Seagate%20Thunderbolt%20Drive/Music/Various%20Artist/Don%20Omar%20Presenta_%20El%20Pentagono/10%20Pide%20Mas.mp3
125608,Dimelo,Jay P,Reggaeton Beats Vol. 9,Reggaeton,2020-09-11 19:52:50,0,file:///Volumes/Seagate%20Thunderbolt%20Drive/Music/Various%20Artist/Reggaeton%20Beats%20Vol.%209/1-15%20Dimelo.mp3
124220,Juquia Con El Alcohol Remix,"Jadiel Ft. Arcangel, Ivy Queen, Wibal & Alex y Kenai",2020-09-13 01:57:57,Reggaeton,2014-08-26 01:59:59,0,file:///Volumes/Seagate%20Thunderbolt%20Drive/Music/Various%20Artiist/Top%20Reggaeton%20Hits/Juquia%20Con%20El%20Alcohol%20Remix.mp3
47298,Hold U Down,J Loft & Don Omar,Hot 97 Vol 47,Reggaeton,2020-09-23 15:27:28,0,file:///Volumes/Seagate%20Thunderbolt%20Drive/Music/Compilations/Hot%2097%20Vol%2047/22%20Hold%20U%20Down.mp3
125610,De Perfecte Dag,Immo,Reggaeton Beats Vol. 9,Reggaeton,2020-09-13 06:44:08,0,file:///Volumes/Seagate%20Thunderbolt%20Drive/Music/Various%20Artist/Reggaeton%20Beats%20Vol.%209/1-16%20De%20Perfecte%20Dag.mp3
125588,Tropische Nacht,Immo,Reggaeton Beats Vol. 9,Reggaeton,2020-09-04 19:42:24,0,file:///Volumes/Seagate%20Thunderbolt%20Drive/Music/Various%20Artist/Reggaeton%20Beats%20Vol.%209/1-05%20Tropische%20Nacht.mp3
125408,Contigo,High Rollers Family,Don Omar Presenta: El Pentagono,Reggaeton,2020-09-06 08:21:15,0,file:///Volumes/Seagate%20Thunderbolt%20Drive/Music/Various%20Artist/Don%20Omar%20Presenta_%20El%20Pentagono/19%20Contigo.mp3
64968, Bandolera (Remix),Hector & Tito ,VA.-.Reggaeton.(2009),Reggaeton,2020-09-06 03:07:23,0,file:///Volumes/Seagate%20Thunderbolt%20Drive/Music/Hector%20&%20Tito/VA.-.Reggaeton.(2009)/24%20%20Bandolera%20(Remix).mp3
64966,Dale Que Dicky (New Version),Hector & Tito ,VA.-.Reggaeton.(2009),Reggaeton,2020-09-26 14:07:45,0,file:///Volumes/Seagate%20Thunderbolt%20Drive/Music/Hector%20&%20Tito/VA.-.Reggaeton.(2009)/06%20Dale%20Que%20Dicky%20(New%20Version).mp3
125600,Hessa,Hakim Feat. Danny Y Lenny,Reggaeton Beats Vol. 9,Reggaeton,2020-09-19 23:23:59,0,file:///Volumes/Seagate%20Thunderbolt%20Drive/Music/Various%20Artist/Reggaeton%20Beats%20Vol.%209/1-11%20Hessa.mp3
47334,Como Hacer,Gocho,Los Bandoleros Reloaded - CD 1,Reggaeton,2020-09-12 21:53:16,0,file:///Volumes/Seagate%20Thunderbolt%20Drive/Music/Compilations/Los%20Bandoleros%20Reloaded%20-%20CD%201/1-12%20Como%20Hacer.mp3
47362,11 Chouchianna,Glory,Los Bandoleros Reloaded - CD 2 ,Reggaeton,2020-09-25 21:11:16,0,file:///Volumes/Seagate%20Thunderbolt%20Drive/Music/Compilations/Los%20Bandoleros%20Reloaded%20-%20CD%202/2-11%2011%20Chouchianna.mp3
126144,LA POPOLA(RMX),Gloria,reggaeton powermove,Reggaeton,2020-09-12 23:31:17,0,file:///Volumes/Seagate%20Thunderbolt%20Drive/Music/Various%20Artists/reggaeton%20powermove/13%20LA%20POPOLA(RMX).MP3
47330,Señor De La Noche,Don Omar,Los Bandoleros Reloaded - CD 1,Reggaeton,2020-09-24 19:40:26,0,file:///Volumes/Seagate%20Thunderbolt%20Drive/Music/Compilations/Los%20Bandoleros%20Reloaded%20-%20CD%201/1-10%20Sen%CC%83or%20De%20La%20Noche.mp3
47354,Chica De Batalla,Joseph,Los Bandoleros Reloaded - CD 2 ,Reggaeton,2020-09-09 22:17:54,0,file:///Volumes/Seagate%20Thunderbolt%20Drive/Music/Compilations/Los%20Bandoleros%20Reloaded%20-%20CD%202/2-07%20Chica%20De%20Batalla.mp3
47314,Anda Sola,Don Omar,Los Bandoleros Reloaded - CD 1,Reggaeton,2020-09-08 07:53:02,0,file:///Volumes/Seagate%20Thunderbolt%20Drive/Music/Compilations/Los%20Bandoleros%20Reloaded%20-%20CD%201/1-02%20Anda%20Sola.mp3
125598,Bo Sa Kaba (Remix),DJ Glenn B Feat. K-liber4life,Reggaeton Beats Vol. 9,Reggaeton,2020-09-24 05:46:52,0,file:///Volumes/Seagate%20Thunderbolt%20Drive/Music/Various%20Artist/Reggaeton%20Beats%20Vol.%209/1-10%20Bo%20Sa%20Kaba%20(Remix).mp3
125582,En Venezuela,Bimbo Feat. Jowell Y Randy,Reggaeton Beats Vol. 9,Reggaeton,2020-09-21 07:44:44,0,file:///Volumes/Seagate%20Thunderbolt%20Drive/Music/Various%20Artist/Reggaeton%20Beats%20Vol.%209/1-02%20En%20Venezuela.mp3
47350,Estas Calentandome,Baby Ranks,Los Bandoleros Reloaded - CD 2 ,Reggaeton,2020-09-29 21:06:58,0,file:///Volumes/Seagate%20Thunderbolt%20Drive/Music/Compilations/Los%20Bandoleros%20Reloaded%20-%20CD%202/2-05%20Estas%20Calentandome.mp3
53110,Donde Estas,Baby Boy,Reggaeton Rotation 6,Reggaeton,2020-09-17 15:15:22,0,file:///Volumes/Seagate%20Thunderbolt%20Drive/Music/DJ%20Sin-Cero/Reggaeton%20Rotation%206/24%20Donde%20Estas.mp3
125612,Top Model,B-Use Feat. Lil Gato,Reggaeton Beats Vol. 9,Reggaeton,2020-09-13 07:34:31,0,file:///Volumes/Seagate%20Thunderbolt%20Drive/Music/Various%20Artist/Reggaeton%20Beats%20Vol.%209/1-17%20Top%20Model.mp3
124222,La Velita,"Arcangel, Ivy Queen, Zion & Jadiel",2020-09-28 01:56:40,Reggaeton,2014-08-26 01:59:59,0,file:///Volumes/Seagate%20Thunderbolt%20Drive/Music/Various%20Artiist/Top%20Reggaeton%20Hits/La%20Velita.mp3
124200,En La Intimidad,Arcangel ft. Kenai,Top Reggaeton Hits,Reggaeton,2020-09-11 16:24:46,0,file:///Volumes/Seagate%20Thunderbolt%20Drive/Music/Various%20Artiist/Top%20Reggaeton%20Hits/En%20La%20Intimidad.mp3
125382,Vida Loca,Arcangel,Don Omar Presenta: El Pentagono,Reggaeton,2020-09-10 06:37:29,0,file:///Volumes/Seagate%20Thunderbolt%20Drive/Music/Various%20Artist/Don%20Omar%20Presenta_%20El%20Pentagono/05%20Vida%20Loca.mp3
43430,El Bambino Di,Calle Ciega Ft Tito,VA.-.Reggaeton.(2009),Reggaeton,2020-09-15 18:05:58,0,file:///Volumes/Seagate%20Thunderbolt%20Drive/Music/Calle%20Ciega%20Ft%20Tito/VA.-.Reggaeton.(2009)/45%20El%20Bambino%20Di.mp3
125404,No Sera Lo Mismo,Aniel,Don Omar Presenta: El Pentagono,Reggaeton,2020-09-14 16:57:07,0,file:///Volumes/Seagate%20Thunderbolt%20Drive/Music/Various%20Artist/Don%20Omar%20Presenta_%20El%20Pentagono/17%20No%20Sera%20Lo%20Mismo.mp3
47358,Ella Anda Sola,Andy Boy,Los Bandoleros Reloaded - CD 2 ,Reggaeton,2020-09-22 03:35:46,0,file:///Volumes/Seagate%20Thunderbolt%20Drive/Music/Compilations/Los%20Bandoleros%20Reloaded%20-%20CD%202/2-09%20Ella%20Anda%20Sola.mp3
31858,Subete (Official Remix),Alexis & Fido Ft Don Omar ,VA.-.Reggaeton.(2009),Reggaeton,2020-09-06 10:38:57,0,file:///Volumes/Seagate%20Thunderbolt%20Drive/Music/Alexis%20&%20Fido%20Ft%20Don%20Omar/VA.-.Reggaeton.(2009)/Subete%20(Official%20Remix).mp3
125434,Soy Igual Que Tú (Album Version),Alexis & Fido f.,DTL Reggaeton 2008,Reggaeton,2020-09-09 10:33:13,0,file:///Volumes/Seagate%20Thunderbolt%20Drive/Music/Various%20Artist/DTL%20Reggaeton%202008/15%20Soy%20Igual%20Que%20Tu%CC%81%20(Album%20Version).mp3
31856,Medio Pocillo,Alexis & Fido ,VA.-.Reggaeton.(2009),Reggaeton,2020-09-08 17:05:27,0,file:///Volumes/Seagate%20Thunderbolt%20Drive/Music/Alexis%20&%20Fido/VA.-.Reggaeton.(2009)/23%20Medio%20Pocillo.mp3
125444,5 Letras,Alexis & Fido,DTL Reggaeton 2008,Reggaeton,2020-09-30 21:32:36,0,file:///Volumes/Seagate%20Thunderbolt%20Drive/Music/Various%20Artist/DTL%20Reggaeton%202008/5%20Letras.mp3
47356,No Te Obligo,Alex Killer,Los Bandoleros Reloaded - CD 2 ,Reggaeton,2020-09-16 16:42:08,0,file:///Volumes/Seagate%20Thunderbolt%20Drive/Music/Compilations/Los%20Bandoleros%20Reloaded%20-%20CD%202/2-08%20No%20Te%20Obligo.mp3
47346,"Quema, Quema",Aldo & Dandy,Los Bandoleros Reloaded - CD 2 ,2020-09-06 00:07:34,2014-08-26 01:59:59,0,"file:///Volumes/Seagate%20Thunderbolt%20Drive/Music/Compilations/Los%20Bandoleros%20Reloaded%20-%20CD%202/2-03%20Quema,%20Quema.mp3"
125448,Que Dios Te Castigue,Angel Lopez Ft. Joey Montana,DTL Reggaeton 2008,Reggaeton,2020-09-19 16:00:14,0,file:///Volumes/Seagate%20Thunderbolt%20Drive/Music/Various%20Artist/DTL%20Reggaeton%202008/Que%20Dios%20Te%20Castigue.mp3
124216,Infierno (Prod. By Fade 'El Que Pone La Presion'),Cheka Feat. Syko,Top Reggaeton Hits,Reggaeton,2020-09-03 01:39:00,0,file:///Volumes/Seagate%20Thunderbolt%20Drive/Music/Various%20Artiist/Top%20Reggaeton%20Hits/Infierno%20(Prod.%20By%20Fade%20'El%20Que%20Pone%20La%20Presion').mp3
47726,Disco En Fuego,Corillo Ft.Bimbo ,VA.-.Reggaeton.(2009),Reggaeton,2020-09-08 08:59:25,0,file:///Volumes/Seagate%20Thunderbolt%20Drive/Music/Corillo%20Ft.Bimbo/VA.-.Reggaeton.(2009)/41%20Disco%20En%20Fuego.mp3
125394,Ellos Quieren,Coscullela,Don Omar Presenta: El Pentagono,Reggaeton,2020-09-17 12:24:23,0,file:///Volumes/Seagate%20Thunderbolt%20Drive/Music/Various%20Artist/Don%20Omar%20Presenta_%20El%20Pentagono/12%20Ellos%20Quieren.mp3
125428,Te Quiero 84,DJ Flex,DTL Reggaeton 2008,Reggaeton,2020-09-27 13:28:34,0,file:///Volumes/Seagate%20Thunderbolt%20Drive/Music/Various%20Artist/DTL%20Reggaeton%202008/12%20Te%20Quiero%2084.mp3
51200, Caliente Caliente (Prod. Kaizer 'El Genio') (Verano 2009),Diamond Flow Ft Negro Oscar ,VA.-.Reggaeton.(2009),Reggaeton,2020-09-02 12:55:27,0,file:///Volumes/Seagate%20Thunderbolt%20Drive/Music/Diamond%20Flow%20Ft%20Negro%20Oscar/VA.-.Reggaeton.(2009)/_Caliente%20Caliente%20(Prod.%20Kaizer%20'El%20Genio')%20(Verano%202009).mp3
124206,Gagsta Remix,De La Ghetto Ft. Cosculluela & Nengo Flow,Top Reggaeton Hits,Reggaeton,2020-09-28 10:25:05,0,file:///Volumes/Seagate%20Thunderbolt%20Drive/Music/Various%20Artiist/Top%20Reggaeton%20Hits/Gagsta%20Remix.mp3
125388,Just Like Sexo,Dalmata,Don Omar Presenta: El Pentagono,Reggaeton,2020-09-17 01:45:21,0,file:///Volumes/Seagate%20Thunderbolt%20Drive/Music/Various%20Artist/Don%20Omar%20Presenta_%20El%20Pentagono/08%20Just%20Like%20Sexo.mp3
48830,Gasolina (Remix),Daddy Yankee Ft. Pitbull & N.O.R.E.,,Reggaeton,2020-09-01 17:36:08,0,file:///Volumes/Seagate%20Thunderbolt%20Drive/Music/Daddy%20Yankee%20Ft.%20Pitbull%20&%20N.O.R.E_/Unknown%20Album/Gasolina%20(Remix).mp3
48814,El Ritmo No Perdona (Prende)(Daddy Yankee Mundial),Daddy Yankee ,VA.-.Reggaeton.(2009),Reggaeton,2020-09-20 17:10:38,0,file:///Volumes/Seagate%20Thunderbolt%20Drive/Music/Daddy%20Yankee/VA.-.Reggaeton.(2009)/02%20El%20Ritmo%20No%20Perdona%20(Prende)(Daddy%20Yankee%20Mundial).mp3
48816,Echale Pike (talento De Barrio Mundial),Daddy Yankee ,VA.-.Reggaeton.(2009),Reggaeton,2020-09-20 16:52:35,0,file:///Volumes/Seagate%20Thunderbolt%20Drive/Music/Daddy%20Yankee/VA.-.Reggaeton.(2009)/Echale%20Pike%20(talento%20De%20Barrio%20Mundial).mp3
48778,Pa-Kum-Pa,Daddy Yankee,Reggaeton Total,Reggaeton,2020-09-09 01:39:15,0,file:///Volumes/Seagate%20Thunderbolt%20Drive/Music/Daddy%20Yankee/Reggaeton%20Total/13%20Pa-Kum-Pa.mp3
48776,Suelta,Daddy Yankee,Reggaeton Total,Reggaeton,2020-09-05 01:36:34,0,file:///Volumes/Seagate%20Thunderbolt%20Drive/Music/Daddy%20Yankee/Reggaeton%20Total/05%20Suelta.mp3
48774,Tembor,Daddy Yankee,Reggaeton Total,Reggaeton,2020-09-11 19:11:04,0,file:///Volumes/Seagate%20Thunderbolt%20Drive/Music/Daddy%20Yankee/Reggaeton%20Total/01%20Tembor.mp3
53108,"Salgo Pa' La Calle Feat. Randy ""Nota Loka""",Daddy Yankee,Reggaeton Rotation 6,Reggaeton,2020-09-10 09:28:14,0,file:///Volumes/Seagate%20Thunderbolt%20Drive/Music/DJ%20Sin-Cero/Reggaeton%20Rotation%206/10%20Salgo%20Pa'%20La%20Calle%20Feat.%20Randy%20_Nota%20Loka_.mp3
48772,Impacto,Daddy Yankee,Reggaeton Latino,Reggaeton,2020-09-04 08:44:53,0,file:///Volumes/Seagate%20Thunderbolt%20Drive/Music/Daddy%20Yankee/Reggaeton%20Latino/01%20Impacto.mp3
48768,Machete,Daddy Yankee,Hot 97- Rose Gold Series Vol.1,Reggaeton,2020-09-23 10:01:24,0,file:///Volumes/Seagate%20Thunderbolt%20Drive/Music/Daddy%20Yankee/Hot%2097-%20Rose%20Gold%20Series%20Vol.1/1-18%20Machete.mp3
125440,Ella Me Levanto-(Sugars On Fuego Radio Mix),Daddy Yankee,DTL Reggaeton 2008,Reggaeton,2020-09-12 05:11:22,0,file:///Volumes/Seagate%20Thunderbolt%20Drive/Music/Various%20Artist/DTL%20Reggaeton%202008/17%20Ella%20Me%20Levanto-(Sugars%20On%20Fuego%20Radio%20Mix).mp3
125410,Sólido (Talento De Barrio Soundtrack),Daddy Yankee,DTL Reggaeton 2008,Reggaeton,2020-09-19 09:49:40,0,file:///Volumes/Seagate%20Thunderbolt%20Drive/Music/Various%20Artist/DTL%20Reggaeton%202008/02%20So%CC%81lido%20(Talento%20De%20Barrio%20Soundtrack).mp3
126146,NO ES POSIBLE,D-lo,reggaeton powermove,Reggaeton,2020-09-14 13:38:00,0,file:///Volumes/Seagate%20Thunderbolt%20Drive/Music/Various%20Artists/reggaeton%20powermove/21%20NO%20ES%20POSIBLE.mp3
47332,El Bandolero,Cosculluela,Los Bandoleros Reloaded - CD 1,Reggaeton,2020-09-12 09:14:58,0,file:///Volumes/Seagate%20Thunderbolt%20Drive/Music/Compilations/Los%20Bandoleros%20Reloaded%20-%20CD%201/1-11%20El%20Bandolero.mp3
53478,Tra Tra,Don Chesina,,Reggaeton,2020-09-03 16:46:06,0,file:///Volumes/Seagate%20Thunderbolt%20Drive/Music/Don%20Chesina/Unknown%20Album/Tra%20Tra.mp3
125384,Mala Es,Jowell & Randy,Don Omar Presenta: El Pentagono,Reggaeton,2020-09-07 16:08:30,0,file:///Volumes/Seagate%20Thunderbolt%20Drive/Music/Various%20Artist/Don%20Omar%20Presenta_%20El%20Pentagono/06%20Mala%20Es.mp3
125438,Me Enamora (Reggaetón Remix),Juanes,DTL Reggaeton 2008,Reggaeton,2020-09-29 18:30:30,0,file:///Volumes/Seagate%20Thunderbolt%20Drive/Music/Various%20Artist/DTL%20Reggaeton%202008/16%20Me%20Enamora%20(Reggaeto%CC%81n%20Remix).mp3
125580,Ready Ready,K-liber4life,Reggaeton Beats Vol. 9,Reggaeton,2020-09-10 12:50:17,0,file:///Volumes/Seagate%20Thunderbolt%20Drive/Music/Various%20Artist/Reggaeton%20Beats%20Vol.%209/1-01%20Ready%20Ready.mp3
106244,No me la Explota,Tego Calderon,El Abayarde,Reggaeton,2020-09-30 00:49:27,0,file:///Volumes/Seagate%20Thunderbolt%20Drive/Music/Tego%20Calderon/El%20Abayarde/08%20No%20me%20la%20Explota.mp3
106242,Loiza,Tego Calderon,El Abayarde,Reggaeton,2020-09-03 17:10:16,0,file:///Volumes/Seagate%20Thunderbolt%20Drive/Music/Tego%20Calderon/El%20Abayarde/07%20Loiza.mp3
106240,Pa' que Retozen,Tego Calderon,El Abayarde,Reggaeton,2020-09-21 16:42:19,0,file:///Volumes/Seagate%20Thunderbolt%20Drive/Music/Tego%20Calderon/El%20Abayarde/05%20Pa'%20que%20Retozen.mp3
106238,Poquito,Tego Calderon,El Abayarde,Reggaeton,2020-09-25 15:05:12,0,file:///Volumes/Seagate%20Thunderbolt%20Drive/Music/Tego%20Calderon/El%20Abayarde/04%20Poquito.mp3
106236,Al Natural,Tego Calderon,El Abayarde,Reggaeton,2020-09-21 14:05:52,0,file:///Volumes/Seagate%20Thunderbolt%20Drive/Music/Tego%20Calderon/El%20Abayarde/03%20Al%20Natural.mp3
106234,Aballarde,Tego Calderon,El Abayarde,Reggaeton,2020-09-06 12:22:48,0,file:///Volumes/Seagate%20Thunderbolt%20Drive/Music/Tego%20Calderon/El%20Abayarde/02%20Aballarde.mp3
106232,Intro,Tego Calderon,El Abayarde,Reggaeton,2020-09-13 08:40:29,0,file:///Volumes/Seagate%20Thunderbolt%20Drive/Music/Tego%20Calderon/El%20Abayarde/01%20Intro.mp3
106246,Interlude 2,Tego Calderon,El Abayarde,Reggaeton,2020-09-28 17:17:27,0,file:///Volumes/Seagate%20Thunderbolt%20Drive/Music/Tego%20Calderon/El%20Abayarde/09%20Interlude%202.mp3
125380,Ok,Tego Calderon,Don Omar Presenta: El Pentagono,Reggaeton,2020-10-01 15:36:45,0,file:///Volumes/Seagate%20Thunderbolt%20Drive/Music/Various%20Artist/Don%20Omar%20Presenta_%20El%20Pentagono/04%20Ok.mp3
125446,EnEro 2007 by dJ mAnu [by_djm,SeSion PachAnga & ReGGaeton E,DTL Reggaeton 2008,Reggaeton,2020-09-26 01:08:32,0,file:///Volumes/Seagate%20Thunderbolt%20Drive/Music/Various%20Artist/DTL%20Reggaeton%202008/EnEro%202007%20by%20dJ%20mAnu%20%5Bby_djm.mp3
47366,A Lo Loco,Roka y Gami,Los Bandoleros Reloaded - CD 2 ,Reggaeton,2020-09-07 10:27:16,0,file:///Volumes/Seagate%20Thunderbolt%20Drive/Music/Compilations/Los%20Bandoleros%20Reloaded%20-%20CD%202/2-13%20A%20Lo%20Loco.mp3
47352,Atacalos,Rey Pirin,Los Bandoleros Reloaded - CD 2 ,Reggaeton,2020-09-13 02:19:51,0,file:///Volumes/Seagate%20Thunderbolt%20Drive/Music/Compilations/Los%20Bandoleros%20Reloaded%20-%20CD%202/2-06%20Atacalos.mp3
125420,Tu Cintura,Reggaeton_mas_flow@hotmail.com,DTL Reggaeton 2008,Reggaeton,2020-09-16 13:53:49,0,file:///Volumes/Seagate%20Thunderbolt%20Drive/Music/Various%20Artist/DTL%20Reggaeton%202008/07%20Tu%20Cintura.mp3
125586,Sueltate Y Toma,Reggae Black,Reggaeton Beats Vol. 9,Reggaeton,2020-09-09 23:52:39,0,file:///Volumes/Seagate%20Thunderbolt%20Drive/Music/Various%20Artist/Reggaeton%20Beats%20Vol.%209/1-04%20Sueltate%20Y%20Toma.mp3
96246,Dime(Remix),Rakin & Ken-y Ft Pitbull,VA.-.Reggaeton.(2009),Reggaeton,2020-09-25 14:49:37,0,file:///Volumes/Seagate%20Thunderbolt%20Drive/Music/Rakin%20&%20Ken-y%20Ft%20Pitbull/VA.-.Reggaeton.(2009)/30%20Dime(Remix).mp3
125594,Opcion De Amor,Prophex Feat. Alcover,Reggaeton Beats Vol. 9,Reggaeton,2020-09-13 01:31:50,0,file:///Volumes/Seagate%20Thunderbolt%20Drive/Music/Various%20Artist/Reggaeton%20Beats%20Vol.%209/1-08%20Opcion%20De%20Amor.mp3
124198,El Reloj No Perdona (prod. by La Boveda),Syko,Top Reggaeton Hits,Reggaeton,2020-09-18 03:06:48,0,file:///Volumes/Seagate%20Thunderbolt%20Drive/Music/Various%20Artiist/Top%20Reggaeton%20Hits/El%20Reloj%20No%20Perdona%20(prod.%20by%20La%20Boveda).mp3
106248,Guasa Guasa,Tego Calderon,El Abayarde,Reggaeton,2020-09-10 07:07:26,0,file:///Volumes/Seagate%20Thunderbolt%20Drive/Music/Tego%20Calderon/El%20Abayarde/10%20Guasa%20Guasa.mp3
106250,Dominicana,Tego Calderon,El Abayarde,Reggaeton,2020-09-26 14:39:26,0,file:///Volumes/Seagate%20Thunderbolt%20Drive/Music/Tego%20Calderon/El%20Abayarde/11%20Dominicana.mp3
106252,Cambumbo,Tego Calderon,El Abayarde,Reggaeton,2020-09-18 02:12:11,0,file:///Volumes/Seagate%20Thunderbolt%20Drive/Music/Tego%20Calderon/El%20Abayarde/12%20Cambumbo.mp3
106336,"We Got the Crown ""Envidia""",Tego Calderon,El Enemy de los Guasibiri,Reggaeton,2020-09-29 01:27:47,0,file:///Volumes/Seagate%20Thunderbolt%20Drive/Music/Tego%20Caldero%CC%81n/El%20Enemy%20de%20los%20Guasibiri/11%20We%20Got%20the%20Crown%20_Envidia_.mp3
106334,"Naki, Naki",Tego Calderon,El Enemy de los Guasibiri,2020-09-03 20:57:28,2014-08-26 01:59:59,0,"file:///Volumes/Seagate%20Thunderbolt%20Drive/Music/Tego%20Caldero%CC%81n/El%20Enemy%20de%20los%20Guasibiri/10%20Naki,%20Naki.mp3"
106332,Interlude,Tego Calderon,El Enemy de los Guasibiri,Reggaeton,2020-09-07 14:02:34,0,file:///Volumes/Seagate%20Thunderbolt%20Drive/Music/Tego%20Caldero%CC%81n/El%20Enemy%20de%20los%20Guasibiri/09%20Interlude.mp3
106270,Al Natural feat. Yandel,Tego Calderon,El Enemy de los Guasibiri,Reggaeton,2020-09-13 16:36:20,0,file:///Volumes/Seagate%20Thunderbolt%20Drive/Music/Tego%20Calderon/El%20Enemy%20de%20los%20Guasibiri/08%20Al%20Natural%20feat.%20Yandel.mp3
106330,"Guasa, Guasa",Tego Calderon,El Enemy de los Guasibiri,2020-09-11 10:53:35,2014-08-26 01:59:59,0,"file:///Volumes/Seagate%20Thunderbolt%20Drive/Music/Tego%20Caldero%CC%81n/El%20Enemy%20de%20los%20Guasibiri/07%20Guasa,%20Guasa.mp3"
106268,Cerca de me Neighborhood,Tego Calderon,El Enemy de los Guasibiri,Reggaeton,2020-09-28 16:39:56,0,file:///Volumes/Seagate%20Thunderbolt%20Drive/Music/Tego%20Calderon/El%20Enemy%20de%20los%20Guasibiri/06%20Cerca%20de%20me%20Neighborhood.mp3
106328,Mi Entierro,Tego Calderon,El Enemy de los Guasibiri,Reggaeton,2020-10-01 01:04:11,0,file:///Volumes/Seagate%20Thunderbolt%20Drive/Music/Tego%20Caldero%CC%81n/El%20Enemy%20de%20los%20Guasibiri/05%20Mi%20Entierro.mp3
106326,Cosa Buena,Tego Calderon,El Enemy de los Guasibiri,Reggaeton,2020-09-18 00:19:41,0,file:///Volumes/Seagate%20Thunderbolt%20Drive/Music/Tego%20Caldero%CC%81n/El%20Enemy%20de%20los%20Guasibiri/04%20Cosa%20Buena.mp3
106324,Gatas Gozan,Tego Calderon,El Enemy de los Guasibiri,Reggaeton,2020-09-13 19:19:32,0,file:///Volumes/Seagate%20Thunderbolt%20Drive/Music/Tego%20Caldero%CC%81n/El%20Enemy%20de%20los%20Guasibiri/03%20Gatas%20Gozan.mp3
106322,Elegante de Boutique,Tego Calderon,El Enemy de los Guasibiri,Reggaeton,2020-09-30 21:26:33,0,file:///Volumes/Seagate%20Thunderbolt%20Drive/Music/Tego%20Caldero%CC%81n/El%20Enemy%20de%20los%20Guasibiri/02%20Elegante%20de%20Boutique.mp3
106266,Planté Bandera,Tego Calderon,El Abayarde,Reggaeton,2020-09-17 04:49:18,0,file:///Volumes/Seagate%20Thunderbolt%20Drive/Music/Tego%20Calderon/El%20Abayarde/19%20Plante%CC%81%20Bandera.mp3
106264,Gracias,Tego Calderon,El Abayarde,Reggaeton,2020-09-18 23:26:27,0,file:///Volumes/Seagate%20Thunderbolt%20Drive/Music/Tego%20Calderon/El%20Abayarde/18%20Gracias.mp3
106262,Bonsai,Tego Calderon,El Abayarde,Reggaeton,2020-09-22 11:34:48,0,file:///Volumes/Seagate%20Thunderbolt%20Drive/Music/Tego%20Calderon/El%20Abayarde/17%20Bonsai.mp3
106260,Lleva y Trai,Tego Calderon,El Abayarde,Reggaeton,2020-09-16 10:27:11,0,file:///Volumes/Seagate%20Thunderbolt%20Drive/Music/Tego%20Calderon/El%20Abayarde/16%20Lleva%20y%20Trai.mp3
106258,Los Difuntos,Tego Calderon,El Abayarde,Reggaeton,2020-09-04 17:12:52,0,file:///Volumes/Seagate%20Thunderbolt%20Drive/Music/Tego%20Calderon/El%20Abayarde/15%20Los%20Difuntos.mp3
106256,Tus Ojos,Tego Calderon,El Abayarde,Reggaeton,2020-09-19 11:11:34,0,file:///Volumes/Seagate%20Thunderbolt%20Drive/Music/Tego%20Calderon/El%20Abayarde/14%20Tus%20Ojos.mp3
106254,Salte del Medio,Tego Calderon,El Abayarde,Reggaeton,2020-09-28 17:38:24,0,file:///Volumes/Seagate%20Thunderbolt%20Drive/Music/Tego%20Calderon/El%20Abayarde/13%20Salte%20del%20Medio.mp3
94378,Se Safo [Prod. Los Hitmen],"Plan B Ft. Genio & Baby Johnny, J Quiles ",VA.-.Reggaeton.(2009),2020-09-05 07:17:30,2014-08-26 01:59:59,0,"file:///Volumes/Seagate%20Thunderbolt%20Drive/Music/Plan%20B%20Ft.%20Genio%20&%20Baby%20Johnny,%20J%20Quiles/VA.-.Reggaeton.(2009)/14%20Se%20Safo%20%5BProd.%20Los%20Hitmen%5D.mp3"
94376,Solos,Plan B Ft Tony Dize ,VA.-.Reggaeton.(2009),Reggaeton,2020-09-11 16:01:25,0,file:///Volumes/Seagate%20Thunderbolt%20Drive/Music/Plan%20B%20Ft%20Tony%20Dize/VA.-.Reggaeton.(2009)/42%20Solos.mp3
94328,Move Shake Drop Remix ,Pitbull Ft. Casely & Flo-Rida ,VA.-.Reggaeton.(2009),Reggaeton,2020-09-16 13:54:49,0,file:///Volumes/Seagate%20Thunderbolt%20Drive/Music/Pitbull%20Ft.%20Casely%20&%20Flo-Rida/VA.-.Reggaeton.(2009)/36%20Move%20Shake%20Drop%20Remix.mp3
94322,Toma,Pitbull Feat. Lil Jon,Hot 97 Platinum 32,Reggaeton,2020-09-24 04:37:56,0,file:///Volumes/Seagate%20Thunderbolt%20Drive/Music/Pitbull%20Feat.%20Lil%20Jon/Hot%2097%20Platinum%2032/11%20Toma.mp3
47342,Se Transporta,Marvin,Los Bandoleros Reloaded - CD 2 ,Reggaeton,2020-09-19 22:14:49,0,file:///Volumes/Seagate%20Thunderbolt%20Drive/Music/Compilations/Los%20Bandoleros%20Reloaded%20-%20CD%202/2-01%20Se%20Transporta.mp3
47320,Mangala,Mario VI,Los Bandoleros Reloaded - CD 1,Reggaeton,2020-09-30 23:53:50,0,file:///Volumes/Seagate%20Thunderbolt%20Drive/Music/Compilations/Los%20Bandoleros%20Reloaded%20-%20CD%201/1-05%20Mangala.mp3
125402,El Brindis,Mario VI,Don Omar Presenta: El Pentagono,Reggaeton,2020-09-09 22:01:45,0,file:///Volumes/Seagate%20Thunderbolt%20Drive/Music/Various%20Artist/Don%20Omar%20Presenta_%20El%20Pentagono/16%20El%20Brindis.mp3
47348,Declaro,Manny Montes Feat. Redimi2,Los Bandoleros Reloaded - CD 2 ,Reggaeton,2020-09-07 15:25:05,0,file:///Volumes/Seagate%20Thunderbolt%20Drive/Music/Compilations/Los%20Bandoleros%20Reloaded%20-%20CD%202/2-04%20Declaro.mp3
83182,Solo Quiero una Noc,Mach & Daddy,VA.-.Reggaeton.(2009),Reggaeton,2020-09-09 03:26:47,0,file:///Volumes/Seagate%20Thunderbolt%20Drive/Music/Mach%20&%20Daddy/VA.-.Reggaeton.(2009)/26%20Solo%20Quiero%20una%20Noc.mp3
83180,Welcome to My Party,Mach & Daddy,VA.-.Reggaeton.(2009),Reggaeton,2020-09-02 13:41:08,0,file:///Volumes/Seagate%20Thunderbolt%20Drive/Music/Mach%20&%20Daddy/VA.-.Reggaeton.(2009)/05%20Welcome%20to%20My%20Party.mp3
125424,Noche De Entierro Pt II (Remix),"Luny Tunes & Tainy Ft. Ivy Queen, Daddy Yankee, Arcangel,2020-09-03 09:23:15,DTL Reggaeton 2008,Reggaeton,2014-08-26 01:59:59,0,file:///Volumes/Seagate%20Thunderbolt%20Drive/Music/Various%20Artist/DTL%20Reggaeton%202008/10%20Noche%20De%20Entierro%20Pt%20II%20(Remix).mp3
125616,Je Verleid Mij,Lucky Luck Feat. LIRX,Reggaeton Beats Vol. 9,Reggaeton,2020-09-26 15:10:46,0,file:///Volumes/Seagate%20Thunderbolt%20Drive/Music/Various%20Artist/Reggaeton%20Beats%20Vol.%209/1-19%20Je%20Verleid%20Mij.mp3
125390,La Mujer De Mis Suenos,Los Yetsons,Don Omar Presenta: El Pentagono,Reggaeton,2020-09-29 23:12:29,0,file:///Volumes/Seagate%20Thunderbolt%20Drive/Music/Various%20Artist/Don%20Omar%20Presenta_%20El%20Pentagono/09%20La%20Mujer%20De%20Mis%20Suenos.mp3
125432,Quédate En Cuero,Lisa M,DTL Reggaeton 2008,Reggaeton,2020-09-17 04:55:02,0,file:///Volumes/Seagate%20Thunderbolt%20Drive/Music/Various%20Artist/DTL%20Reggaeton%202008/13%20Que%CC%81date%20En%20Cuero.mp3
47340,Te Recordare,Lennox Feat. Norrys,Los Bandoleros Reloaded - CD 1,Reggaeton,2020-09-17 01:44:58,0,file:///Volumes/Seagate%20Thunderbolt%20Drive/Music/Compilations/Los%20Bandoleros%20Reloaded%20-%20CD%201/1-15%20Te%20Recordare.mp3
125412,Yo Soy Tu Maestro,Latino Way,DTL Reggaeton 2008,Reggaeton,2020-09-22 00:35:38,0,file:///Volumes/Seagate%20Thunderbolt%20Drive/Music/Various%20Artist/DTL%20Reggaeton%202008/02%20Yo%20Soy%20Tu%20Maestro.mp3
125442,La Mala,La Hill,DTL Reggaeton 2008,Reggaeton,2020-09-02 08:02:23,0,file:///Volumes/Seagate%20Thunderbolt%20Drive/Music/Various%20Artist/DTL%20Reggaeton%202008/21%20La%20Mala.mp3
125414,Bien Afinca,La Cuadrilla,DTL Reggaeton 2008,Reggaeton,2020-09-19 11:42:46,0,file:///Volumes/Seagate%20Thunderbolt%20Drive/Music/Various%20Artist/DTL%20Reggaeton%202008/05%20Bien%20Afinca.mp3
124246,On Fire,Kendo Kaponi Ft. Oneill & Nengo Flow,Top Reggaeton Hits,Reggaeton,2020-09-14 16:19:21,0,file:///Volumes/Seagate%20Thunderbolt%20Drive/Music/Various%20Artiist/Top%20Reggaeton%20Hits/On%20Fire.mp3
74928,Vacia Street Version,Kartier ,VA.-.Reggaeton.(2009),Reggaeton,2020-09-13 03:54:42,0,file:///Volumes/Seagate%20Thunderbolt%20Drive/Music/Kartier/VA.-.Reggaeton.(2009)/04%20Vacia%20Street%20Version.mp3
125426,"Get Up, Get Down",Karis feat. Nicky Jam & Jayko,DTL Reggaeton 2008,2020-09-24 04:38:27,2014-08-26 01:59:59,0,"file:///Volumes/Seagate%20Thunderbolt%20Drive/Music/Various%20Artist/DTL%20Reggaeton%202008/12%20Get%20Up,%20Get%20Down.mp3"
47344,Sicario,Mero,Los Bandoleros Reloaded - CD 2 ,Reggaeton,2020-09-09 17:16:37,0,file:///Volumes/Seagate%20Thunderbolt%20Drive/Music/Compilations/Los%20Bandoleros%20Reloaded%20-%20CD%202/2-02%20Sicario.mp3
106340,En Peligro de Extincion,Tego Calderon,El Enemy de los Guasibiri,Reggaeton,2020-09-19 02:20:48,0,file:///Volumes/Seagate%20Thunderbolt%20Drive/Music/Tego%20Caldero%CC%81n/El%20Enemy%20de%20los%20Guasibiri/13%20En%20Peligro%20de%20Extincion.mp3
125584,Madam Of Madams,Micklaay,Reggaeton Beats Vol. 9,Reggaeton,2020-09-28 14:54:49,0,file:///Volumes/Seagate%20Thunderbolt%20Drive/Music/Various%20Artist/Reggaeton%20Beats%20Vol.%209/1-03%20Madam%20Of%20Madams.mp3
125602,Barbarella,Micklaay,Reggaeton Beats Vol. 9,Reggaeton,2020-09-06 12:26:15,0,file:///Volumes/Seagate%20Thunderbolt%20Drive/Music/Various%20Artist/Reggaeton%20Beats%20Vol.%209/1-12%20Barbarella.mp3
94184,Blanco,Pitbull & Pharrell ,VA.-.Reggaeton.(2009),Reggaeton,2020-09-21 21:06:50,0,file:///Volumes/Seagate%20Thunderbolt%20Drive/Music/Pitbull%20&%20Pharrell/VA.-.Reggaeton.(2009)/Blanco.mp3
94182,Crazy (Spanish),Pitbull,VA.-.Reggaeton.(2009),Reggaeton,2020-09-14 02:48:22,0,file:///Volumes/Seagate%20Thunderbolt%20Drive/Music/Pitbull/VA.-.Reggaeton.(2009)/Crazy%20(Spanish).mp3
94180,Calle ocho-(brazil street).(remix),Pitbull,VA.-.Reggaeton.(2009),Reggaeton,2020-09-28 13:54:59,0,file:///Volumes/Seagate%20Thunderbolt%20Drive/Music/Pitbull/VA.-.Reggaeton.(2009)/Calle%20ocho-(brazil%20street).(remix).mp3
92084,Que Tengo Que Hacer,Omega El Fuerte,,Reggaeton,2020-09-19 16:59:06,0,file:///Volumes/Seagate%20Thunderbolt%20Drive/Music/Omega%20El%20Fuerte/Unknown%20Album/Que%20Tengo%20Que%20Hacer.mp3
125400,Corre Peligro,OG Black,Don Omar Presenta: El Pentagono,Reggaeton,2020-09-11 10:29:12,0,file:///Volumes/Seagate%20Thunderbolt%20Drive/Music/Various%20Artist/Don%20Omar%20Presenta_%20El%20Pentagono/15%20Corre%20Peligro.mp3
125618,Yo Quisiera Olvidarte,Nitro Guzman,Reggaeton Beats Vol. 9,Reggaeton,2020-09-13 05:21:23,0,file:///Volumes/Seagate%20Thunderbolt%20Drive/Music/Various%20Artist/Reggaeton%20Beats%20Vol.%209/1-20%20Yo%20Quisiera%20Olvidarte.mp3
91522,te quiero (remix),Nigga Ft Belinda and pitbull,VA.-.Reggaeton.(2009),Reggaeton,2020-09-21 19:14:09,0,file:///Volumes/Seagate%20Thunderbolt%20Drive/Music/Nigga%20Ft%20Belinda%20and%20pitbull/VA.-.Reggaeton.(2009)/38%20te%20quiero%20(remix).mp3
91520,Dime si te vas con el,Nigga ,VA.-.Reggaeton.(2009),Reggaeton,2020-09-24 16:38:27,0,file:///Volumes/Seagate%20Thunderbolt%20Drive/Music/Nigga/VA.-.Reggaeton.(2009)/Dime%20si%20te%20vas%20con%20el.mp3
91468,Dile A Tu amiga,Nicky jam Ft. Yaga y Mackie ,VA.-.Reggaeton.(2009),Reggaeton,2020-09-24 17:24:02,0,file:///Volumes/Seagate%20Thunderbolt%20Drive/Music/Nicky%20jam%20Ft.%20Yaga%20y%20Mackie/VA.-.Reggaeton.(2009)/01%20Dile%20A%20Tu%20amiga.mp3
91466,Tu Y Tu Flow,Nicky jam Ft well,VA.-.Reggaeton.(2009),Reggaeton,2020-09-15 09:54:59,0,file:///Volumes/Seagate%20Thunderbolt%20Drive/Music/Nicky%20jam%20Ft%20well/VA.-.Reggaeton.(2009)/09%20Tu%20Y%20Tu%20Flow.mp3
91464,Vamos A Darle (The King Of Hollywood),Nicky Jam Ft G.O ,VA.-.Reggaeton.(2009),Reggaeton,2020-09-13 23:22:21,0,file:///Volumes/Seagate%20Thunderbolt%20Drive/Music/Nicky%20Jam%20Ft%20G.O/VA.-.Reggaeton.(2009)/31%20Vamos%20A%20Darle%20(The%20King%20Of%20Hollywood).mp3
91462,Take,Nicky jam,VA.-.Reggaeton.(2009),Reggaeton,2020-09-24 04:30:00,0,file:///Volumes/Seagate%20Thunderbolt%20Drive/Music/Nicky%20jam/VA.-.Reggaeton.(2009)/44%20Take.mp3
91460,Tocate,Nicky jam,VA.-.Reggaeton.(2009),Reggaeton,2020-09-11 07:14:20,0,file:///Volumes/Seagate%20Thunderbolt%20Drive/Music/Nicky%20jam/VA.-.Reggaeton.(2009)/21%20Tocate.mp3
47336,Convencete,Naldo,Los Bandoleros Reloaded - CD 1,Reggaeton,2020-09-06 18:51:37,0,file:///Volumes/Seagate%20Thunderbolt%20Drive/Music/Compilations/Los%20Bandoleros%20Reloaded%20-%20CD%201/1-13%20Convencete.mp3
88442,Muriendo de Amor (Decision Fi,MJ  ,VA.-.Reggaeton.(2009),Reggaeton,2020-09-21 13:19:34,0,file:///Volumes/Seagate%20Thunderbolt%20Drive/Music/MJ/VA.-.Reggaeton.(2009)/43%20Muriendo%20de%20Amor%20(Decision%20Fi.mp3
125418,Es por ti,Miguel Saez,DTL Reggaeton 2008,Reggaeton,2020-09-10 07:18:38,0,file:///Volumes/Seagate%20Thunderbolt%20Drive/Music/Various%20Artist/DTL%20Reggaeton%202008/07%20Es%20por%20ti.mp3
125614,Ohw Ahw (Give It To Me Raw),Micklaay,Reggaeton Beats Vol. 9,Reggaeton,2020-09-21 08:58:35,0,file:///Volumes/Seagate%20Thunderbolt%20Drive/Music/Various%20Artist/Reggaeton%20Beats%20Vol.%209/1-18%20Ohw%20Ahw%20(Give%20It%20To%20Me%20Raw).mp3
125592,Harcore Lovin',Micklaay,Reggaeton Beats Vol. 9,Reggaeton,2020-10-01 08:20:11,0,file:///Volumes/Seagate%20Thunderbolt%20Drive/Music/Various%20Artist/Reggaeton%20Beats%20Vol.%209/1-07%20Harcore%20Lovin'.mp3
134404,Plakito (Radio Edit),Yandel ft El General Gadiel,,Reggaeton,2020-09-26 22:13:21,0,file:///Volumes/Seagate%20Thunderbolt%20Drive/Music/Yandel%20ft%20El%20General%20Gadiel/Unknown%20Album/01%20Plakito%20(Radio%20Edit).mp3